------------------ ------------------------------------------------------------ ------ ------ ------ ------ ------- ------- ------ ------ ------ ------ ------ ------ ------ ------- ------ ------ ------- ------ ------ ------ ------ ------ ------ ------ ------ ------ ------ ------ ------ ------ ------ ------ ------ ------ ------ ------ ------ ------ ------ ------ ------ ------ ------ ------ ------ ------ ------ ------ ------ ------ ------ ------ ------ ------ ------ ------ ------ ------ ------ ------
Kernel Name        kernel_cutlass_kernel_fouroversixkernelscute_sm120opsSm100IF                                                                                                                                                                                                                                                                                                                                                                                                                                        
                   3AdaptiveTransposeQuantize_object_at__tensorptrbf16gmemalign                                                                                                                                                                                                                                                                                                                                                                                                                                        
                   16o4096409640961_tensorptri8gmemalign16o4096409640961_tensor                                                                                                                                                                                                                                                                                                                                                                                                                                        
                   ptri8gm_0                                                                                                                                                                                                                                                                                                                                                                                                                                                                                           
------------------ ------------------------------------------------------------ ------ ------ ------ ------ ------- ------- ------ ------ ------ ------ ------ ------ ------ ------- ------ ------ ------- ------ ------ ------ ------ ------ ------ ------ ------ ------ ------ ------ ------ ------ ------ ------ ------ ------ ------ ------ ------ ------ ------ ------ ------ ------ ------ ------ ------ ------ ------ ------ ------ ------ ------ ------ ------ ------ ------ ------ ------ ------ ------ ------
Address            Source                                                       Warp S Warp S # Samp Instru Thread  Predic  Avg. T Avg. P Avg. P Diverg Addres Access Access L1 Tag  L1 Con L2 The L2 The  L2 The L2 The L2 Exp L2 Exp L2 Exp L2 Exp L2 Exp L2 Exp L2 Exp stall_ stall_ stall_ stall_ stall_ stall_ stall_ stall_ stall_ stall_ stall_ stall_ stall_ stall_ stall_ stall_ stall_ stall_ stall_ stall_ stall_ stall_ stall_ stall_ stall_ stall_ stall_ stall_ stall_ stall_ stall_ stall_ stall_ stall_
                                                                                tall S tall S les    ctions  Instr  ated-O  hreads redica redica ent Br s Spac  Opera  Size   Reque  flicts oretic oretic  oretic oretic licit  licit  licit  licit  licit  licit  licit  barrie branch dispat drain  lg     long_s math   membar mio    misc   no_ins not_se select short_ sleep  tex    wait   barrie branch dispat drain  lg (No long_s math ( membar mio (N misc ( no_ins not_se select short_ sleepi tex (N wait (
                                                                                amplin amplin         Execu uction  n Thre   Execu ted-On ted-On anches e      tion          sts Gl   Share al Sec al Sec  al Sec al Sec Evict  Hit Po Hit Po Hit Po Hit Po Miss P Miss P r      _resol ch                   b                                  t      lected ed     sb                          r (Not _resol ch (No (Not I t Issu b (Not Not Is  (Not  ot Iss Not Is t (Not lected ed (No sb (No ng (No ot Iss Not Is
                                                                                g (All g (Not        ted    s Exec  ad Ins  ted     Threa  Threa                             obal    d N-Wa tors G tors G  tors G tors L Polici licy E licy E licy E licy E olicy  olicy         ving                                                                                                             Issue ving ( t Issu ssued) ed)     Issue sued)  Issued ued)   sued)   Issue  (Not  t Issu t Issu t Issu ued)   sued) 
                                                                                 Sampl -issue               uted    tructi         ds Exe ds Une                                     y      lobal  lobal   lobal  ocal   es     vict F vict L vict N vict N Evict  Evict                                                                                                                         d)     Not Is ed)                  d)            )                    d)     Issued ed)    ed)    ed)                 
                                                                                es)    d Samp                       ons Ex         cuted  xecute                                            Excess         Ideal                irst   ast    ormal  ormal  First  Normal                                                                                                                               sued)                                                                 )                                        
                                                                                       les)                         ecuted                d                                                 ive                                                      Demote                                                                                                                                                                                                                                                            
0x7f362f779800           LDC R1, c[0x0][0x37c]                                  20     20     20     32768  1048576 1048576 32     32     0      0      -      -      -      0       0      0      0       0      0      -      0      0      0      0      0      0      0      0      0      0      0      0      0      0      0      0      20     0      0      0      0      0      0      0      0      0      0      0      0      0      0      0      0      20     0      0      0      0      0      0     
0x7f362f779810           S2R R0, SR_TID.X                                       103    95     103    32768  1048576 1048576 32     32     0      0      -      -      -      0       0      0      0       0      0      -      0      0      0      0      0      0      0      0      0      0      0      0      0      0      101    0      0      2      0      0      0      0      0      0      0      0      0      0      0      0      0      95     0      0      0      0      0      0      0      0     
0x7f362f779820           LDCU UR4, c[0x0][0x3a0]                                0      0      0      32768  1048576 1048576 32     32     0      0      -      -      -      0       0      0      0       0      0      -      0      0      0      0      0      0      0      0      0      0      0      0      0      0      0      0      0      0      0      0      0      0      0      0      0      0      0      0      0      0      0      0      0      0      0      0      0      0      0      0     
0x7f362f779830           IADD3 R1, PT, PT, R1, -0x20, RZ                        3      3      3      32768  1048576 1048576 32     32     0      0      -      -      -      0       0      0      0       0      0      -      0      0      0      0      0      0      0      0      0      0      0      0      0      0      0      0      0      0      0      3      0      0      0      0      0      0      0      0      0      0      0      0      0      0      0      0      3      0      0      0     
0x7f362f779840           S2R R48, SR_CTAID.X                                    0      0      0      32768  1048576 1048576 32     32     0      0      -      -      -      0       0      0      0       0      0      -      0      0      0      0      0      0      0      0      0      0      0      0      0      0      0      0      0      0      0      0      0      0      0      0      0      0      0      0      0      0      0      0      0      0      0      0      0      0      0      0     
0x7f362f779850           IMAD R48, R48, 0x100, R0                               433    384    433    32768  1048576 1048576 32     32     0      0      -      -      -      0       0      0      0       0      0      -      0      0      0      0      0      0      0      0      1      0      0      0      0      0      0      0      0      0      0      431    0      0      1      0      0      0      0      0      0      0      0      0      0      0      0      0      383    0      0      1     
0x7f362f779860           ISETP.GE.AND P0, PT, R48, UR4, PT                      0      0      0      32768  1048576 1048576 32     32     0      0      -      -      -      0       0      0      0       0      0      -      0      0      0      0      0      0      0      0      0      0      0      0      0      0      0      0      0      0      0      0      0      0      0      0      0      0      0      0      0      0      0      0      0      0      0      0      0      0      0      0     
0x7f362f779870     @P0   EXIT                                                   5      2      5      32768  1048576 0       32     0      32     0      -      -      -      0       0      0      0       0      0      -      0      0      0      0      0      0      0      0      0      0      0      0      0      0      0      0      0      0      0      0      0      0      5      0      0      0      0      0      0      0      0      0      0      0      0      0      0      0      0      2     
0x7f362f779880           LDCU.64 UR10, c[0x0][0x358]                            0      0      0      32768  1048576 1048576 32     32     0      0      -      -      -      0       0      0      0       0      0      -      0      0      0      0      0      0      0      0      0      0      0      0      0      0      0      0      0      0      0      0      0      0      0      0      0      0      0      0      0      0      0      0      0      0      0      0      0      0      0      0     
0x7f362f779890           LDC.64 R6, c[0x0][0x3a8]                               0      0      0      32768  1048576 1048576 32     32     0      0      -      -      -      0       0      0      0       0      0      -      0      0      0      0      0      0      0      0      0      0      0      0      0      0      0      0      0      0      0      0      0      0      0      0      0      0      0      0      0      0      0      0      0      0      0      0      0      0      0      0     
0x7f362f7798a0           LDG.E R5, desc[UR10][R6.64]                            2803   2466   2803   32768  1048576 1048576 32     32     0      0      Global Load   32     32768   0      0      32768   32768  0             0      0      0      0      0      0      0      0      0      0      2639   0      0      0      127    0      0      30     0      7      0      0      0      0      0      0      0      2342   0      0      0      118    0      0      0      0      6      0      0      0     
0x7f362f7798b0           UMOV UR4, 0x44e00000                                   1      0      1      32768  1048576 1048576 32     32     0      0      -      -      -      0       0      0      0       0      0      -      0      0      0      0      0      0      0      0      0      0      0      0      0      0      0      0      0      0      1      0      0      0      0      0      0      0      0      0      0      0      0      0      0      0      0      0      0      0      0      0     
0x7f362f7798c0           MOV R2, UR4                                            2      1      2      32768  1048576 1048576 32     32     0      0      -      -      -      0       0      0      0       0      0      -      0      0      0      0      0      0      0      0      0      0      0      0      0      0      0      0      0      0      1      0      0      0      1      0      0      0      0      0      0      0      0      0      0      0      0      0      0      0      0      1     
0x7f362f7798d0           MUFU.RCP R4, R5                                        356    299    356    32768  1048576 1048576 32     32     0      0      -      -      -      0       0      0      0       0      0      -      0      0      0      0      0      0      0      0      0      0      0      355    0      0      1      0      0      0      0      0      0      0      0      0      0      0      0      0      299    0      0      0      0      0      0      0      0      0      0      0     
0x7f362f7798e0           FCHK P0, R2, R5                                        2      1      2      32768  1048576 1048576 32     32     0      0      -      -      -      0       0      0      0       0      0      -      0      0      0      0      0      0      0      0      0      0      0      0      0      0      1      0      0      0      0      0      0      0      1      0      0      0      0      0      0      0      0      1      0      0      0      0      0      0      0      0     
0x7f362f7798f0           FFMA R0, -R5, R4, 1                                    0      0      0      32768  1048576 1048576 32     32     0      0      -      -      -      0       0      0      0       0      0      -      0      0      0      0      0      0      0      0      0      0      0      0      0      0      0      0      0      0      0      0      0      0      0      0      0      0      0      0      0      0      0      0      0      0      0      0      0      0      0      0     
0x7f362f779900           FFMA R4, R4, R0, R4                                    1      0      1      32768  1048576 1048576 32     32     0      0      -      -      -      0       0      0      0       0      0      -      0      0      0      0      0      0      0      0      0      0      0      0      0      0      0      0      0      0      0      0      0      0      1      0      0      0      0      0      0      0      0      0      0      0      0      0      0      0      0      0     
0x7f362f779910           FFMA R0, R4, 1792, RZ                                  3      3      3      32768  1048576 1048576 32     32     0      0      -      -      -      0       0      0      0       0      0      -      0      0      0      0      0      0      0      0      0      0      0      0      0      0      0      0      0      0      0      0      0      0      3      0      0      0      0      0      0      0      0      0      0      0      0      0      0      0      0      3     
0x7f362f779920           FFMA R2, -R5, R0, 1792                                 0      0      0      32768  1048576 1048576 32     32     0      0      -      -      -      0       0      0      0       0      0      -      0      0      0      0      0      0      0      0      0      0      0      0      0      0      0      0      0      0      0      0      0      0      0      0      0      0      0      0      0      0      0      0      0      0      0      0      0      0      0      0     
0x7f362f779930           FFMA R4, R4, R2, R0                                    1      1      1      32768  1048576 1048576 32     32     0      0      -      -      -      0       0      0      0       0      0      -      0      0      0      0      0      0      0      0      0      0      0      0      0      0      0      0      0      0      0      0      0      0      1      0      0      0      0      0      0      0      0      0      0      0      0      0      0      0      0      1     
0x7f362f779940     @!P0  BRA 0x7f362f7799a0                                     0      0      0      32768  1048576 1048576 32     32     0      0      -      -      -      0       0      0      0       0      0      -      0      0      0      0      0      0      0      0      0      0      0      0      0      0      0      0      0      0      0      0      0      0      0      0      0      0      0      0      0      0      0      0      0      0      0      0      0      0      0      0     
0x7f362f779950           HFMA2 R2, -RZ, RZ, 4.875, 0                            1      0      1      0      0       0       0      0      32     0      -      -      -      0       0      0      0       0      0      -      0      0      0      0      0      0      0      0      0      0      0      0      0      0      0      0      0      0      1      0      0      0      0      0      0      0      0      0      0      0      0      0      0      0      0      0      0      0      0      0     
0x7f362f779960           MOV R4, R5                                             0      0      0      0      0       0       0      0      32     0      -      -      -      0       0      0      0       0      0      -      0      0      0      0      0      0      0      0      0      0      0      0      0      0      0      0      0      0      0      0      0      0      0      0      0      0      0      0      0      0      0      0      0      0      0      0      0      0      0      0     
0x7f362f779970           MOV R12, 0x190                                         0      0      0      0      0       0       0      0      32     0      -      -      -      0       0      0      0       0      0      -      0      0      0      0      0      0      0      0      0      0      0      0      0      0      0      0      0      0      0      0      0      0      0      0      0      0      0      0      0      0      0      0      0      0      0      0      0      0      0      0     
0x7f362f779980           CALL.REL.NOINC 0x7f362f77d4c0                          0      0      0      0      0       0       0      0      32     0      -      -      -      0       0      0      0       0      0      -      0      0      0      0      0      0      0      0      0      0      0      0      0      0      0      0      0      0      0      0      0      0      0      0      0      0      0      0      0      0      0      0      0      0      0      0      0      0      0      0     
0x7f362f779990           MOV R4, R3                                             0      0      0      0      0       0       0      0      32     0      -      -      -      0       0      0      0       0      0      -      0      0      0      0      0      0      0      0      0      0      0      0      0      0      0      0      0      0      0      0      0      0      0      0      0      0      0      0      0      0      0      0      0      0      0      0      0      0      0      0     
0x7f362f7799a0           LDCU UR5, c[0x0][0x370]                                1      1      1      32768  1048576 1048576 32     32     0      0      -      -      -      0       0      0      0       0      0      -      0      0      0      0      0      0      0      1      0      0      0      0      0      0      0      0      0      0      0      0      0      0      0      0      1      0      0      0      0      0      0      0      0      0      0      0      0      0      0      0     
0x7f362f7799b0           FSETP.NEU.AND P0, PT, R5, RZ, PT                       2      0      2      32768  1048576 1048576 32     32     0      0      -      -      -      0       0      0      0       0      0      -      0      0      0      0      0      0      0      0      0      0      0      0      0      0      0      0      0      0      2      0      0      0      0      0      0      0      0      0      0      0      0      0      0      0      0      0      0      0      0      0     
0x7f362f7799c0           LDCU UR4, c[0x0][0x3a0]                                0      0      0      32768  1048576 1048576 32     32     0      0      -      -      -      0       0      0      0       0      0      -      0      0      0      0      0      0      0      0      0      0      0      0      0      0      0      0      0      0      0      0      0      0      0      0      0      0      0      0      0      0      0      0      0      0      0      0      0      0      0      0     
0x7f362f7799d0           FSEL R4, R4, RZ, P0                                    1      0      1      32768  1048576 1048576 32     32     0      0      -      -      -      0       0      0      0       0      0      -      0      0      0      0      0      0      0      0      0      0      0      0      0      0      0      0      0      0      0      0      0      0      1      0      0      0      0      0      0      0      0      0      0      0      0      0      0      0      0      0     
0x7f362f7799e0           LDCU.64 UR8, c[0x0][0x390]                             0      0      0      32768  1048576 1048576 32     32     0      0      -      -      -      0       0      0      0       0      0      -      0      0      0      0      0      0      0      0      0      0      0      0      0      0      0      0      0      0      0      0      0      0      0      0      0      0      0      0      0      0      0      0      0      0      0      0      0      0      0      0     
0x7f362f7799f0           LDCU.64 UR6, c[0x0][0x388]                             0      0      0      32768  1048576 1048576 32     32     0      0      -      -      -      0       0      0      0       0      0      -      0      0      0      0      0      0      0      0      0      0      0      0      0      0      0      0      0      0      0      0      0      0      0      0      0      0      0      0      0      0      0      0      0      0      0      0      0      0      0      0     
0x7f362f779a00           USHF.L.U32 UR5, UR5, 0x8, URZ                          3      2      3      32768  1048576 1048576 32     32     0      0      -      -      -      0       0      0      0       0      0      -      0      0      0      0      0      0      0      0      0      0      0      0      0      0      0      0      0      0      0      3      0      0      0      0      0      0      0      0      0      0      0      0      0      0      0      0      2      0      0      0     
0x7f362f779a10           SHF.R.S32.HI R0, RZ, 0x1f, R48                         6      5      6      32768  1048576 1048576 32     32     0      0      -      -      -      0       0      0      0       0      0      -      0      0      0      0      0      0      0      0      0      0      0      0      1      0      0      0      0      1      0      0      0      0      4      0      0      0      0      0      0      1      0      0      0      0      0      0      0      0      0      4     
0x7f362f779a20           LDC.64 R6, c[0x0][0x380]                               0      0      0      32768  1048576 1048576 32     32     0      0      -      -      -      0       0      0      0       0      0      -      0      0      0      0      0      0      0      0      0      0      0      0      0      0      0      0      0      0      0      0      0      0      0      0      0      0      0      0      0      0      0      0      0      0      0      0      0      0      0      0     
0x7f362f779a30           BSSY.RECONVERGENT B2, 0x7f362f77a300                   0      0      0      32768  1048576 1048576 32     32     0      0      -      -      -      0       0      0      0       0      0      -      0      0      0      0      0      0      0      0      0      0      0      0      0      0      0      0      0      0      0      0      0      0      0      0      0      0      0      0      0      0      0      0      0      0      0      0      0      0      0      0     
0x7f362f779a40           LEA.HI R0, R0, R48, RZ, 0x8                            0      0      0      32768  1048576 1048576 32     32     0      0      -      -      -      0       0      0      0       0      0      -      0      0      0      0      0      0      0      0      0      0      0      0      0      0      0      0      0      0      0      0      0      0      0      0      0      0      0      0      0      0      0      0      0      0      0      0      0      0      0      0     
0x7f362f779a50           LOP3.LUT R2, R0, 0xffffff00, RZ, 0xc0, !PT             0      0      0      32768  1048576 1048576 32     32     0      0      -      -      -      0       0      0      0       0      0      -      0      0      0      0      0      0      0      0      0      0      0      0      0      0      0      0      0      0      0      0      0      0      0      0      0      0      0      0      0      0      0      0      0      0      0      0      0      0      0      0     
0x7f362f779a60           SHF.R.S32.HI R3, RZ, 0x8, R0                           1      0      1      32768  1048576 1048576 32     32     0      0      -      -      -      0       0      0      0       0      0      -      0      0      0      0      0      0      0      0      0      0      0      0      0      0      0      0      0      1      0      0      0      0      0      0      0      0      0      0      0      0      0      0      0      0      0      0      0      0      0      0     
0x7f362f779a70           LEA.HI.SX32 R58, R0, 0xffffffff, 0x18                  1      0      1      32768  1048576 1048576 32     32     0      0      -      -      -      0       0      0      0       0      0      -      0      0      0      0      0      0      0      0      0      0      0      0      0      0      0      0      0      0      1      0      0      0      0      0      0      0      0      0      0      0      0      0      0      0      0      0      0      0      0      0     
0x7f362f779a80           ISETP.NE.AND P0, PT, R48, R2, PT                       0      0      0      32768  1048576 1048576 32     32     0      0      -      -      -      0       0      0      0       0      0      -      0      0      0      0      0      0      0      0      0      0      0      0      0      0      0      0      0      0      0      0      0      0      0      0      0      0      0      0      0      0      0      0      0      0      0      0      0      0      0      0     
0x7f362f779a90           IADD3 R23, PT, PT, -R2, R48, RZ                        0      0      0      32768  1048576 1048576 32     32     0      0      -      -      -      0       0      0      0       0      0      -      0      0      0      0      0      0      0      0      0      0      0      0      0      0      0      0      0      0      0      0      0      0      0      0      0      0      0      0      0      0      0      0      0      0      0      0      0      0      0      0     
0x7f362f779aa0           ISETP.LT.AND P0, PT, R48, RZ, P0                       1      1      1      32768  1048576 1048576 32     32     0      0      -      -      -      0       0      0      0       0      0      -      0      0      0      0      0      0      0      0      0      0      0      0      0      0      0      0      0      0      0      0      0      0      1      0      0      0      0      0      0      0      0      0      0      0      0      0      0      0      0      1     
0x7f362f779ab0           IMAD.SHL.U32 R54, R23, 0x10, RZ                        1      0      1      32768  1048576 1048576 32     32     0      0      -      -      -      0       0      0      0       0      0      -      0      0      0      0      0      0      0      0      0      0      0      0      0      0      0      0      0      0      1      0      0      0      0      0      0      0      0      0      0      0      0      0      0      0      0      0      0      0      0      0     
0x7f362f779ac0     @!UPT UIADD3 URZ, UPT, UPT, URZ, URZ, URZ                    0      0      0      32768  1048576 0       32     0      32     0      -      -      -      0       0      0      0       0      0      -      0      0      0      0      0      0      0      0      0      0      0      0      0      0      0      0      0      0      0      0      0      0      0      0      0      0      0      0      0      0      0      0      0      0      0      0      0      0      0      0     
0x7f362f779ad0     @!P0  IADD3 R58, PT, PT, R3, RZ, RZ                          0      0      0      32768  1048576 1048576 32     32     0      0      -      -      -      0       0      0      0       0      0      -      0      0      0      0      0      0      0      0      0      0      0      0      0      0      0      0      0      0      0      0      0      0      0      0      0      0      0      0      0      0      0      0      0      0      0      0      0      0      0      0     
0x7f362f779ae0           IMAD R0, R23, 0x10000, R58                             3      2      3      32768  1048576 1048576 32     32     0      0      -      -      -      0       0      0      0       0      0      -      0      0      0      0      0      0      0      0      0      0      0      0      0      0      0      0      0      0      1      0      0      0      2      0      0      0      0      0      0      0      0      0      0      0      0      0      0      0      0      2     
0x7f362f779af0           LEA R2, P0, R0, R6, 0x1                                1      0      1      32768  1048576 1048576 32     32     0      0      -      -      -      0       0      0      0       0      0      -      0      0      0      0      0      0      0      0      0      0      0      0      0      0      0      0      0      1      0      0      0      0      0      0      0      0      0      0      0      0      0      0      0      0      0      0      0      0      0      0     
0x7f362f779b00           LEA.HI.X.SX32 R3, R0, R7, 0x1, P0                      1      0      1      32768  1048576 1048576 32     32     0      0      -      -      -      0       0      0      0       0      0      -      0      0      0      0      0      0      0      0      0      0      0      0      1      0      0      0      0      0      0      0      0      0      0      0      0      0      0      0      0      0      0      0      0      0      0      0      0      0      0      0     
0x7f362f779b10           LDG.E.U16 R11, desc[UR10][R2.64]                       1232   1079   1232   32768  1048576 1048576 32     32     0      0      Global Load   16     1048576 0      983040 1048576 65536  0             0      0      0      0      0      0      0      0      0      0      1158   0      0      0      61     0      0      12     0      0      0      0      1      0      0      0      0      1021   0      0      0      57     0      0      0      0      0      0      0      1     
0x7f362f779b20           LDG.E.U16 R10, desc[UR10][R2.64+0x2000]                151    139    151    32768  1048576 1048576 32     32     0      0      Global Load   16     1048576 0      983040 1048576 65536  0             0      0      0      0      0      0      0      0      0      0      148    0      0      0      2      0      0      1      0      0      0      0      0      0      0      0      0      137    0      0      0      2      0      0      0      0      0      0      0      0     
0x7f362f779b30           LDG.E.U16 R9, desc[UR10][R2.64+0x4000]                 159    135    159    32768  1048576 1048576 32     32     0      0      Global Load   16     1048576 0      983040 1048576 65536  0             0      0      0      0      0      0      0      0      0      0      146    0      0      0      11     0      0      0      1      0      0      0      1      0      0      0      0      124    0      0      0      10     0      0      0      0      0      0      0      1     
0x7f362f779b40           LDG.E.U16 R8, desc[UR10][R2.64+0x6000]                 117    101    117    32768  1048576 1048576 32     32     0      0      Global Load   16     1048576 0      983040 1048576 65536  0             0      0      0      0      0      0      0      0      0      0      109    0      0      0      6      0      0      2      0      0      0      0      0      0      0      0      0      96     0      0      0      5      0      0      0      0      0      0      0      0     
0x7f362f779b50           LDG.E.U16 R5, desc[UR10][R2.64+0xc000]                 136    124    136    32768  1048576 1048576 32     32     0      0      Global Load   16     1048576 0      983040 1048576 65536  0             0      0      0      0      0      0      0      0      0      0      124    0      0      0      10     0      0      1      0      0      0      0      1      0      0      0      0      115    0      0      0      8      0      0      0      0      0      0      0      1     
0x7f362f779b60           LDG.E.U16 R0, desc[UR10][R2.64+0xe000]                 119    100    119    32768  1048576 1048576 32     32     0      0      Global Load   16     1048576 0      983040 1048576 65536  0             0      0      0      0      0      0      0      0      0      0      107    0      0      0      10     0      0      2      0      0      0      0      0      0      0      0      0      93     0      0      0      7      0      0      0      0      0      0      0      0     
0x7f362f779b70           LDG.E.U16 R7, desc[UR10][R2.64+0x8000]                 173    160    173    32768  1048576 1048576 32     32     0      0      Global Load   16     1048576 0      983040 1048576 65536  0             0      0      0      0      0      0      0      0      0      0      161    0      0      0      11     0      0      0      0      0      0      0      1      0      0      0      0      150    0      0      0      9      0      0      0      0      0      0      0      1     
0x7f362f779b80           LDG.E.U16 R6, desc[UR10][R2.64+0xa000]                 147    135    147    32768  1048576 1048576 32     32     0      0      Global Load   16     1048576 0      983040 1048576 65536  0             0      0      0      0      0      0      0      0      1      0      135    0      0      0      11     0      0      0      0      0      0      0      0      0      0      0      0      126    0      0      0      9      0      0      0      0      0      0      0      0     
0x7f362f779b90           LDG.E.U16 R19, desc[UR10][R2.64+0x10000]               138    125    138    32768  1048576 1048576 32     32     0      0      Global Load   16     1048576 0      983040 1048576 65536  0             0      0      0      0      0      0      0      0      0      0      125    0      0      0      12     0      0      1      0      0      0      0      0      0      0      0      0      115    0      0      0      10     0      0      0      0      0      0      0      0     
0x7f362f779ba0           LDG.E.U16 R18, desc[UR10][R2.64+0x12000]               149    132    149    32768  1048576 1048576 32     32     0      0      Global Load   16     1048576 0      983040 1048576 65536  0             0      0      0      0      0      0      0      0      0      0      137    0      0      0      9      0      0      1      1      0      0      0      1      0      0      0      0      123    0      0      0      8      0      0      0      0      0      0      0      1     
0x7f362f779bb0           LDG.E.U16 R17, desc[UR10][R2.64+0x14000]               158    144    158    32768  1048576 1048576 32     32     0      0      Global Load   16     1048576 0      983040 1048576 65536  0             0      0      0      0      0      0      0      0      0      0      149    0      0      0      6      0      0      2      1      0      0      0      0      0      0      0      0      139    0      0      0      5      0      0      0      0      0      0      0      0     
0x7f362f779bc0           LDG.E.U16 R16, desc[UR10][R2.64+0x16000]               153    137    153    32768  1048576 1048576 32     32     0      0      Global Load   16     1048576 0      983040 1048576 65536  0             0      0      0      0      0      0      0      0      0      0      147    0      0      0      5      0      0      0      0      0      0      0      1      0      0      0      0      132    0      0      0      4      0      0      0      0      0      0      0      1     
0x7f362f779bd0           LDG.E.U16 R15, desc[UR10][R2.64+0x18000]               152    139    152    32768  1048576 1048576 32     32     0      0      Global Load   16     1048576 0      983040 1048576 65536  0             0      0      0      0      0      0      0      0      0      0      149    0      0      0      3      0      0      0      0      0      0      0      0      0      0      0      0      137    0      0      0      2      0      0      0      0      0      0      0      0     
0x7f362f779be0           LDG.E.U16 R14, desc[UR10][R2.64+0x1a000]               172    157    172    32768  1048576 1048576 32     32     0      0      Global Load   16     1048576 0      983040 1048576 65536  0             0      0      0      0      0      0      0      0      0      0      161    0      0      0      7      0      0      1      0      0      0      0      3      0      0      0      0      148    0      0      0      7      0      0      0      0      0      0      0      2     
0x7f362f779bf0           LDG.E.U16 R13, desc[UR10][R2.64+0x1c000]               144    131    144    32768  1048576 1048576 32     32     0      0      Global Load   16     1048576 0      983040 1048576 65536  0             0      0      0      0      0      0      0      0      0      0      137    0      0      0      7      0      0      0      0      0      0      0      0      0      0      0      0      127    0      0      0      4      0      0      0      0      0      0      0      0     
0x7f362f779c00           LDG.E.U16 R12, desc[UR10][R2.64+0x1e000]               155    134    155    32768  1048576 1048576 32     32     0      0      Global Load   16     1048576 0      983040 1048576 65536  0             0      0      0      0      0      0      0      0      0      0      149    0      0      0      6      0      0      0      0      0      0      0      0      0      0      0      0      129    0      0      0      5      0      0      0      0      0      0      0      0     
0x7f362f779c10           IMAD R27, R10, 0x10000, R11                            22     15     22     32768  1048576 1048576 32     32     0      0      -      -      -      0       0      0      0       0      0      -      0      0      0      0      0      0      0      0      0      0      0      21     0      0      0      0      0      0      1      0      0      0      0      0      0      0      0      0      15     0      0      0      0      0      0      0      0      0      0      0     
0x7f362f779c20           LOP3.LUT R2, R27, 0x7fff7fff, RZ, 0xc0, !PT            330    305    330    32768  1048576 1048576 32     32     0      0      -      -      -      0       0      0      0       0      0      -      0      0      0      0      0      0      0      0      0      0      0      324    3      0      0      0      0      1      0      0      0      0      2      0      0      0      0      0      302    2      0      0      0      0      0      0      0      0      0      1     
0x7f362f779c30           IMAD R25, R8, 0x10000, R9                              23     19     23     32768  1048576 1048576 32     32     0      0      -      -      -      0       0      0      0       0      0      -      0      0      0      0      0      0      0      0      0      0      0      23     0      0      0      0      0      0      0      0      0      0      0      0      0      0      0      0      19     0      0      0      0      0      0      0      0      0      0      0     
0x7f362f779c40           SHF.R.U32.HI R3, RZ, 0x10, R2                          2      1      2      32768  1048576 1048576 32     32     0      0      -      -      -      0       0      0      0       0      0      -      0      0      0      0      0      0      0      0      0      0      0      0      1      0      0      0      0      0      1      0      0      0      0      0      0      0      0      0      0      1      0      0      0      0      0      0      0      0      0      0     
0x7f362f779c50           IMAD.U32 R9, R2, 0x10000, RZ                           0      0      0      32768  1048576 1048576 32     32     0      0      -      -      -      0       0      0      0       0      0      -      0      0      0      0      0      0      0      0      0      0      0      0      0      0      0      0      0      0      0      0      0      0      0      0      0      0      0      0      0      0      0      0      0      0      0      0      0      0      0      0     
0x7f362f779c60           IMAD.U32 R3, R3, 0x10000, RZ                           1      0      1      32768  1048576 1048576 32     32     0      0      -      -      -      0       0      0      0       0      0      -      0      0      0      0      0      0      0      0      0      0      0      0      0      0      0      0      0      0      0      0      0      0      1      0      0      0      0      0      0      0      0      0      0      0      0      0      0      0      0      0     
0x7f362f779c70           IMAD R24, R0, 0x10000, R5                              33     28     33     32768  1048576 1048576 32     32     0      0      -      -      -      0       0      0      0       0      0      -      0      0      0      0      0      0      0      0      0      0      0      33     0      0      0      0      0      0      0      0      0      0      0      0      0      0      0      0      28     0      0      0      0      0      0      0      0      0      0      0     
0x7f362f779c80           LOP3.LUT R0, R25, 0x7fff7fff, RZ, 0xc0, !PT            0      0      0      32768  1048576 1048576 32     32     0      0      -      -      -      0       0      0      0       0      0      -      0      0      0      0      0      0      0      0      0      0      0      0      0      0      0      0      0      0      0      0      0      0      0      0      0      0      0      0      0      0      0      0      0      0      0      0      0      0      0      0     
0x7f362f779c90           SHF.R.U32.HI R2, RZ, 0x10, R0                          0      0      0      32768  1048576 1048576 32     32     0      0      -      -      -      0       0      0      0       0      0      -      0      0      0      0      0      0      0      0      0      0      0      0      0      0      0      0      0      0      0      0      0      0      0      0      0      0      0      0      0      0      0      0      0      0      0      0      0      0      0      0     
0x7f362f779ca0           IMAD R26, R6, 0x10000, R7                              1538   1405   1538   32768  1048576 1048576 32     32     0      0      -      -      -      0       0      0      0       0      0      -      0      0      0      0      0      0      0      0      0      0      0      1538   0      0      0      0      0      0      0      0      0      0      0      0      0      0      0      0      1405   0      0      0      0      0      0      0      0      0      0      0     
0x7f362f779cb0           LOP3.LUT R7, R24, 0x7fff7fff, RZ, 0xc0, !PT            1      0      1      32768  1048576 1048576 32     32     0      0      -      -      -      0       0      0      0       0      0      -      0      0      0      0      0      0      0      0      0      0      0      0      0      0      0      0      0      0      1      0      0      0      0      0      0      0      0      0      0      0      0      0      0      0      0      0      0      0      0      0     
0x7f362f779cc0           IMAD.U32 R2, R2, 0x10000, RZ                           3      2      3      32768  1048576 1048576 32     32     0      0      -      -      -      0       0      0      0       0      0      -      0      0      0      0      0      0      0      0      0      0      0      0      1      0      0      0      0      0      0      0      0      0      2      0      0      0      0      0      0      0      0      0      0      0      0      0      0      0      0      2     
0x7f362f779cd0           IMAD.U32 R6, R0, 0x10000, RZ                           0      0      0      32768  1048576 1048576 32     32     0      0      -      -      -      0       0      0      0       0      0      -      0      0      0      0      0      0      0      0      0      0      0      0      0      0      0      0      0      0      0      0      0      0      0      0      0      0      0      0      0      0      0      0      0      0      0      0      0      0      0      0     
0x7f362f779ce0           LOP3.LUT R8, R26, 0x7fff7fff, RZ, 0xc0, !PT            1      0      1      32768  1048576 1048576 32     32     0      0      -      -      -      0       0      0      0       0      0      -      0      0      0      0      0      0      0      0      0      0      0      0      0      0      0      0      0      0      1      0      0      0      0      0      0      0      0      0      0      0      0      0      0      0      0      0      0      0      0      0     
0x7f362f779cf0           IMAD.U32 R0, R7, 0x10000, RZ                           0      0      0      32768  1048576 1048576 32     32     0      0      -      -      -      0       0      0      0       0      0      -      0      0      0      0      0      0      0      0      0      0      0      0      0      0      0      0      0      0      0      0      0      0      0      0      0      0      0      0      0      0      0      0      0      0      0      0      0      0      0      0     
0x7f362f779d00           SHF.R.U32.HI R7, RZ, 0x10, R7                          0      0      0      32768  1048576 1048576 32     32     0      0      -      -      -      0       0      0      0       0      0      -      0      0      0      0      0      0      0      0      0      0      0      0      0      0      0      0      0      0      0      0      0      0      0      0      0      0      0      0      0      0      0      0      0      0      0      0      0      0      0      0     
0x7f362f779d10           IMAD R34, R18, 0x10000, R19                            0      0      0      32768  1048576 1048576 32     32     0      0      -      -      -      0       0      0      0       0      0      -      0      0      0      0      0      0      0      0      0      0      0      0      0      0      0      0      0      0      0      0      0      0      0      0      0      0      0      0      0      0      0      0      0      0      0      0      0      0      0      0     
0x7f362f779d20           FMNMX.FTZ R20, R3, R2, !PT                             1      0      1      32768  1048576 1048576 32     32     0      0      -      -      -      0       0      0      0       0      0      -      0      0      0      0      0      0      0      0      0      0      0      0      0      0      0      0      0      0      1      0      0      0      0      0      0      0      0      0      0      0      0      0      0      0      0      0      0      0      0      0     
0x7f362f779d30           IMAD.U32 R5, R8, 0x10000, RZ                           0      0      0      32768  1048576 1048576 32     32     0      0      -      -      -      0       0      0      0       0      0      -      0      0      0      0      0      0      0      0      0      0      0      0      0      0      0      0      0      0      0      0      0      0      0      0      0      0      0      0      0      0      0      0      0      0      0      0      0      0      0      0     
0x7f362f779d40           SHF.R.U32.HI R8, RZ, 0x10, R8                          1      0      1      32768  1048576 1048576 32     32     0      0      -      -      -      0       0      0      0       0      0      -      0      0      0      0      0      0      0      0      0      0      0      0      0      0      0      0      0      0      1      0      0      0      0      0      0      0      0      0      0      0      0      0      0      0      0      0      0      0      0      0     
0x7f362f779d50           LOP3.LUT R3, R34, 0x7fff7fff, RZ, 0xc0, !PT            1      0      1      32768  1048576 1048576 32     32     0      0      -      -      -      0       0      0      0       0      0      -      0      0      0      0      0      0      0      0      0      0      0      0      0      0      0      0      0      0      1      0      0      0      0      0      0      0      0      0      0      0      0      0      0      0      0      0      0      0      0      0     
0x7f362f779d60           FMNMX.FTZ R21, R5, R0, !PT                             0      0      0      32768  1048576 1048576 32     32     0      0      -      -      -      0       0      0      0       0      0      -      0      0      0      0      0      0      0      0      0      0      0      0      0      0      0      0      0      0      0      0      0      0      0      0      0      0      0      0      0      0      0      0      0      0      0      0      0      0      0      0     
0x7f362f779d70           IMAD R16, R16, 0x10000, R17                            1      0      1      32768  1048576 1048576 32     32     0      0      -      -      -      0       0      0      0       0      0      -      0      0      0      0      0      0      0      0      0      0      0      0      0      0      0      0      0      0      1      0      0      0      0      0      0      0      0      0      0      0      0      0      0      0      0      0      0      0      0      0     
0x7f362f779d80           FMNMX.FTZ R22, R9, R6, !PT                             1      0      1      32768  1048576 1048576 32     32     0      0      -      -      -      0       0      0      0       0      0      -      0      0      0      0      0      0      0      0      0      0      0      0      0      0      0      0      0      0      1      0      0      0      0      0      0      0      0      0      0      0      0      0      0      0      0      0      0      0      0      0     
0x7f362f779d90           SHF.R.U32.HI R6, RZ, 0x10, R3                          1      1      1      32768  1048576 1048576 32     32     0      0      -      -      -      0       0      0      0       0      0      -      0      0      0      0      0      0      0      0      0      0      0      0      1      0      0      0      0      0      0      0      0      0      0      0      0      0      0      0      0      1      0      0      0      0      0      0      0      0      0      0     
0x7f362f779da0           IMAD.U32 R11, R3, 0x10000, RZ                          0      0      0      32768  1048576 1048576 32     32     0      0      -      -      -      0       0      0      0       0      0      -      0      0      0      0      0      0      0      0      0      0      0      0      0      0      0      0      0      0      0      0      0      0      0      0      0      0      0      0      0      0      0      0      0      0      0      0      0      0      0      0     
0x7f362f779db0           LOP3.LUT R2, R16, 0x7fff7fff, RZ, 0xc0, !PT            3      1      3      32768  1048576 1048576 32     32     0      0      -      -      -      0       0      0      0       0      0      -      0      0      0      0      0      0      0      0      0      0      0      0      2      0      0      0      0      0      1      0      0      0      0      0      0      0      0      0      0      1      0      0      0      0      0      0      0      0      0      0     
0x7f362f779dc0           IMAD.U32 R9, R8, 0x10000, RZ                           1      0      1      32768  1048576 1048576 32     32     0      0      -      -      -      0       0      0      0       0      0      -      0      0      0      0      0      0      0      0      0      0      0      0      0      0      0      0      0      0      1      0      0      0      0      0      0      0      0      0      0      0      0      0      0      0      0      0      0      0      0      0     
0x7f362f779dd0           IMAD R29, R14, 0x10000, R15                            1      0      1      32768  1048576 1048576 32     32     0      0      -      -      -      0       0      0      0       0      0      -      0      0      0      0      0      0      0      0      0      0      0      0      0      0      0      0      0      1      0      0      0      0      0      0      0      0      0      0      0      0      0      0      0      0      0      0      0      0      0      0     
0x7f362f779de0           SHF.R.U32.HI R3, RZ, 0x10, R2                          1      0      1      32768  1048576 1048576 32     32     0      0      -      -      -      0       0      0      0       0      0      -      0      0      0      0      0      0      0      0      0      0      0      0      0      0      0      0      0      0      1      0      0      0      0      0      0      0      0      0      0      0      0      0      0      0      0      0      0      0      0      0     
0x7f362f779df0           IMAD.U32 R10, R2, 0x10000, RZ                          0      0      0      32768  1048576 1048576 32     32     0      0      -      -      -      0       0      0      0       0      0      -      0      0      0      0      0      0      0      0      0      0      0      0      0      0      0      0      0      0      0      0      0      0      0      0      0      0      0      0      0      0      0      0      0      0      0      0      0      0      0      0     
0x7f362f779e00           IMAD.U32 R8, R7, 0x10000, RZ                           0      0      0      32768  1048576 1048576 32     32     0      0      -      -      -      0       0      0      0       0      0      -      0      0      0      0      0      0      0      0      0      0      0      0      0      0      0      0      0      0      0      0      0      0      0      0      0      0      0      0      0      0      0      0      0      0      0      0      0      0      0      0     
0x7f362f779e10           LOP3.LUT R0, R29, 0x7fff7fff, RZ, 0xc0, !PT            0      0      0      32768  1048576 1048576 32     32     0      0      -      -      -      0       0      0      0       0      0      -      0      0      0      0      0      0      0      0      0      0      0      0      0      0      0      0      0      0      0      0      0      0      0      0      0      0      0      0      0      0      0      0      0      0      0      0      0      0      0      0     
0x7f362f779e20           IMAD.U32 R7, R6, 0x10000, RZ                           0      0      0      32768  1048576 1048576 32     32     0      0      -      -      -      0       0      0      0       0      0      -      0      0      0      0      0      0      0      0      0      0      0      0      0      0      0      0      0      0      0      0      0      0      0      0      0      0      0      0      0      0      0      0      0      0      0      0      0      0      0      0     
0x7f362f779e30           IMAD R14, R12, 0x10000, R13                            3      1      3      32768  1048576 1048576 32     32     0      0      -      -      -      0       0      0      0       0      0      -      0      0      0      0      0      0      0      0      0      0      0      0      0      0      0      0      0      0      1      0      0      0      2      0      0      0      0      0      0      0      0      0      0      0      0      0      0      0      0      1     
0x7f362f779e40           SHF.R.U32.HI R2, RZ, 0x10, R0                          0      0      0      32768  1048576 1048576 32     32     0      0      -      -      -      0       0      0      0       0      0      -      0      0      0      0      0      0      0      0      0      0      0      0      0      0      0      0      0      0      0      0      0      0      0      0      0      0      0      0      0      0      0      0      0      0      0      0      0      0      0      0     
0x7f362f779e50           IMAD.U32 R12, R0, 0x10000, RZ                          2      0      2      32768  1048576 1048576 32     32     0      0      -      -      -      0       0      0      0       0      0      -      0      0      0      0      0      0      0      0      0      0      0      0      0      0      0      0      0      0      2      0      0      0      0      0      0      0      0      0      0      0      0      0      0      0      0      0      0      0      0      0     
0x7f362f779e60           IMAD.U32 R6, R3, 0x10000, RZ                           2      0      2      32768  1048576 1048576 32     32     0      0      -      -      -      0       0      0      0       0      0      -      0      0      0      0      0      0      0      0      0      0      0      0      0      0      0      0      0      1      1      0      0      0      0      0      0      0      0      0      0      0      0      0      0      0      0      0      0      0      0      0     
0x7f362f779e70           LOP3.LUT R5, R14, 0x7fff7fff, RZ, 0xc0, !PT            1      0      1      32768  1048576 1048576 32     32     0      0      -      -      -      0       0      0      0       0      0      -      0      0      0      0      0      0      0      0      0      0      0      0      0      0      0      0      0      0      1      0      0      0      0      0      0      0      0      0      0      0      0      0      0      0      0      0      0      0      0      0     
0x7f362f779e80           IMAD.U32 R3, R2, 0x10000, RZ                           0      0      0      32768  1048576 1048576 32     32     0      0      -      -      -      0       0      0      0       0      0      -      0      0      0      0      0      0      0      0      0      0      0      0      0      0      0      0      0      0      0      0      0      0      0      0      0      0      0      0      0      0      0      0      0      0      0      0      0      0      0      0     
0x7f362f779e90           SHF.R.U32.HI R0, RZ, 0x10, R5                          3      0      3      32768  1048576 1048576 32     32     0      0      -      -      -      0       0      0      0       0      0      -      0      0      0      0      0      0      0      0      0      0      0      0      0      0      0      0      0      0      3      0      0      0      0      0      0      0      0      0      0      0      0      0      0      0      0      0      0      0      0      0     
0x7f362f779ea0           IMAD.U32 R2, R5, 0x10000, RZ                           1      0      1      32768  1048576 1048576 32     32     0      0      -      -      -      0       0      0      0       0      0      -      0      0      0      0      0      0      0      0      0      0      0      0      0      0      0      0      0      0      1      0      0      0      0      0      0      0      0      0      0      0      0      0      0      0      0      0      0      0      0      0     
0x7f362f779eb0           FMNMX.FTZ R6, R7, R6, !PT                              0      0      0      32768  1048576 1048576 32     32     0      0      -      -      -      0       0      0      0       0      0      -      0      0      0      0      0      0      0      0      0      0      0      0      0      0      0      0      0      0      0      0      0      0      0      0      0      0      0      0      0      0      0      0      0      0      0      0      0      0      0      0     
0x7f362f779ec0           FMNMX.FTZ R5, R9, R8, !PT                              0      0      0      32768  1048576 1048576 32     32     0      0      -      -      -      0       0      0      0       0      0      -      0      0      0      0      0      0      0      0      0      0      0      0      0      0      0      0      0      0      0      0      0      0      0      0      0      0      0      0      0      0      0      0      0      0      0      0      0      0      0      0     
0x7f362f779ed0           FMNMX.FTZ R8, R11, R10, !PT                            1      0      1      32768  1048576 1048576 32     32     0      0      -      -      -      0       0      0      0       0      0      -      0      0      0      0      0      0      0      0      0      0      0      0      0      0      0      0      0      0      1      0      0      0      0      0      0      0      0      0      0      0      0      0      0      0      0      0      0      0      0      0     
0x7f362f779ee0           IMAD.U32 R0, R0, 0x10000, RZ                           1      0      1      32768  1048576 1048576 32     32     0      0      -      -      -      0       0      0      0       0      0      -      0      0      0      0      0      0      0      0      0      0      0      0      0      0      0      0      0      0      1      0      0      0      0      0      0      0      0      0      0      0      0      0      0      0      0      0      0      0      0      0     
0x7f362f779ef0           FMNMX.FTZ R7, R12, R2, !PT                             0      0      0      32768  1048576 1048576 32     32     0      0      -      -      -      0       0      0      0       0      0      -      0      0      0      0      0      0      0      0      0      0      0      0      0      0      0      0      0      0      0      0      0      0      0      0      0      0      0      0      0      0      0      0      0      0      0      0      0      0      0      0     
0x7f362f779f00           LOP3.LUT R2, R20, 0xffff0000, RZ, 0xc0, !PT            1      1      1      32768  1048576 1048576 32     32     0      0      -      -      -      0       0      0      0       0      0      -      0      0      0      0      0      0      0      0      0      0      0      0      1      0      0      0      0      0      0      0      0      0      0      0      0      0      0      0      0      1      0      0      0      0      0      0      0      0      0      0     
0x7f362f779f10           LOP3.LUT R6, R6, 0xffff0000, RZ, 0xc0, !PT             2      1      2      32768  1048576 1048576 32     32     0      0      -      -      -      0       0      0      0       0      0      -      0      0      0      0      0      0      0      0      0      0      0      0      0      0      0      0      0      0      1      0      0      0      1      0      0      0      0      0      0      0      0      0      0      0      0      0      0      0      0      1     
0x7f362f779f20           FMNMX.FTZ R0, R3, R0, !PT                              1      0      1      32768  1048576 1048576 32     32     0      0      -      -      -      0       0      0      0       0      0      -      0      0      0      0      0      0      0      0      0      0      0      0      0      0      0      0      0      0      1      0      0      0      0      0      0      0      0      0      0      0      0      0      0      0      0      0      0      0      0      0     
0x7f362f779f30           LOP3.LUT R3, R5, 0xffff0000, RZ, 0xc0, !PT             0      0      0      32768  1048576 1048576 32     32     0      0      -      -      -      0       0      0      0       0      0      -      0      0      0      0      0      0      0      0      0      0      0      0      0      0      0      0      0      0      0      0      0      0      0      0      0      0      0      0      0      0      0      0      0      0      0      0      0      0      0      0     
0x7f362f779f40           LEA.HI R5, R22, R2, RZ, 0x10                           3      3      3      32768  1048576 1048576 32     32     0      0      -      -      -      0       0      0      0       0      0      -      0      0      0      0      0      0      0      0      0      0      0      0      0      0      0      0      0      0      0      0      0      0      3      0      0      0      0      0      0      0      0      0      0      0      0      0      0      0      0      3     
0x7f362f779f50           LOP3.LUT R0, R0, 0xffff0000, RZ, 0xc0, !PT             1      0      1      32768  1048576 1048576 32     32     0      0      -      -      -      0       0      0      0       0      0      -      0      0      0      0      0      0      0      0      0      0      0      0      0      0      0      0      0      0      1      0      0      0      0      0      0      0      0      0      0      0      0      0      0      0      0      0      0      0      0      0     
0x7f362f779f60           LEA.HI R2, R8, R6, RZ, 0x10                            0      0      0      32768  1048576 1048576 32     32     0      0      -      -      -      0       0      0      0       0      0      -      0      0      0      0      0      0      0      0      0      0      0      0      0      0      0      0      0      0      0      0      0      0      0      0      0      0      0      0      0      0      0      0      0      0      0      0      0      0      0      0     
0x7f362f779f70           IMAD.U32 R11, R5, 0x10000, RZ                          0      0      0      32768  1048576 1048576 32     32     0      0      -      -      -      0       0      0      0       0      0      -      0      0      0      0      0      0      0      0      0      0      0      0      0      0      0      0      0      0      0      0      0      0      0      0      0      0      0      0      0      0      0      0      0      0      0      0      0      0      0      0     
0x7f362f779f80           LEA.HI R3, R21, R3, RZ, 0x10                           2      0      2      32768  1048576 1048576 32     32     0      0      -      -      -      0       0      0      0       0      0      -      0      0      0      0      0      0      0      0      0      0      0      0      0      0      0      0      0      0      2      0      0      0      0      0      0      0      0      0      0      0      0      0      0      0      0      0      0      0      0      0     
0x7f362f779f90           LEA.HI R0, R7, R0, RZ, 0x10                            0      0      0      32768  1048576 1048576 32     32     0      0      -      -      -      0       0      0      0       0      0      -      0      0      0      0      0      0      0      0      0      0      0      0      0      0      0      0      0      0      0      0      0      0      0      0      0      0      0      0      0      0      0      0      0      0      0      0      0      0      0      0     
0x7f362f779fa0           SHF.R.U32.HI R8, RZ, 0x10, R5                          1      1      1      32768  1048576 1048576 32     32     0      0      -      -      -      0       0      0      0       0      0      -      0      0      0      0      0      0      0      0      0      0      0      0      0      0      0      0      0      0      0      0      0      0      1      0      0      0      0      0      0      0      0      0      0      0      0      0      0      0      0      1     
0x7f362f779fb0           SHF.R.U32.HI R6, RZ, 0x10, R2                          2      1      2      32768  1048576 1048576 32     32     0      0      -      -      -      0       0      0      0       0      0      -      0      0      0      0      0      0      0      0      0      0      0      0      0      0      0      0      0      0      1      0      0      0      1      0      0      0      0      0      0      0      0      0      0      0      0      0      0      0      0      1     
0x7f362f779fc0           SHF.R.U32.HI R7, RZ, 0x10, R3                          2      1      2      32768  1048576 1048576 32     32     0      0      -      -      -      0       0      0      0       0      0      -      0      0      0      0      0      0      0      0      0      0      0      0      0      0      0      0      0      0      1      0      0      0      1      0      0      0      0      0      0      0      0      0      0      0      0      0      0      0      0      1     
0x7f362f779fd0           IMAD.U32 R10, R8, 0x10000, RZ                          0      0      0      32768  1048576 1048576 32     32     0      0      -      -      -      0       0      0      0       0      0      -      0      0      0      0      0      0      0      0      0      0      0      0      0      0      0      0      0      0      0      0      0      0      0      0      0      0      0      0      0      0      0      0      0      0      0      0      0      0      0      0     
0x7f362f779fe0           SHF.R.U32.HI R5, RZ, 0x10, R0                          0      0      0      32768  1048576 1048576 32     32     0      0      -      -      -      0       0      0      0       0      0      -      0      0      0      0      0      0      0      0      0      0      0      0      0      0      0      0      0      0      0      0      0      0      0      0      0      0      0      0      0      0      0      0      0      0      0      0      0      0      0      0     
0x7f362f779ff0           IMAD.U32 R8, R6, 0x10000, RZ                           1      0      1      32768  1048576 1048576 32     32     0      0      -      -      -      0       0      0      0       0      0      -      0      0      0      0      0      0      0      0      0      0      0      0      0      0      0      0      0      0      1      0      0      0      0      0      0      0      0      0      0      0      0      0      0      0      0      0      0      0      0      0     
0x7f362f77a000           IMAD.U32 R9, R7, 0x10000, RZ                           0      0      0      32768  1048576 1048576 32     32     0      0      -      -      -      0       0      0      0       0      0      -      0      0      0      0      0      0      0      0      0      0      0      0      0      0      0      0      0      0      0      0      0      0      0      0      0      0      0      0      0      0      0      0      0      0      0      0      0      0      0      0     
0x7f362f77a010           IMAD.U32 R6, R5, 0x10000, RZ                           2      0      2      32768  1048576 1048576 32     32     0      0      -      -      -      0       0      0      0       0      0      -      0      0      0      0      0      0      0      0      0      0      0      0      0      0      0      0      0      0      1      0      0      0      1      0      0      0      0      0      0      0      0      0      0      0      0      0      0      0      0      0     
0x7f362f77a020           IMAD.U32 R7, R3, 0x10000, RZ                           0      0      0      32768  1048576 1048576 32     32     0      0      -      -      -      0       0      0      0       0      0      -      0      0      0      0      0      0      0      0      0      0      0      0      0      0      0      0      0      0      0      0      0      0      0      0      0      0      0      0      0      0      0      0      0      0      0      0      0      0      0      0     
0x7f362f77a030           IMAD.U32 R5, R2, 0x10000, RZ                           0      0      0      32768  1048576 1048576 32     32     0      0      -      -      -      0       0      0      0       0      0      -      0      0      0      0      0      0      0      0      0      0      0      0      0      0      0      0      0      0      0      0      0      0      0      0      0      0      0      0      0      0      0      0      0      0      0      0      0      0      0      0     
0x7f362f77a040           FMNMX.FTZ R2, R10, R9, !PT                             1      0      1      32768  1048576 1048576 32     32     0      0      -      -      -      0       0      0      0       0      0      -      0      0      0      0      0      0      0      0      0      0      0      0      0      0      0      0      0      0      1      0      0      0      0      0      0      0      0      0      0      0      0      0      0      0      0      0      0      0      0      0     
0x7f362f77a050           IMAD.U32 R0, R0, 0x10000, RZ                           0      0      0      32768  1048576 1048576 32     32     0      0      -      -      -      0       0      0      0       0      0      -      0      0      0      0      0      0      0      0      0      0      0      0      0      0      0      0      0      0      0      0      0      0      0      0      0      0      0      0      0      0      0      0      0      0      0      0      0      0      0      0     
0x7f362f77a060           FMNMX.FTZ R3, R8, R6, !PT                              1      0      1      32768  1048576 1048576 32     32     0      0      -      -      -      0       0      0      0       0      0      -      0      0      0      0      0      0      0      0      0      0      0      0      0      0      0      0      0      0      1      0      0      0      0      0      0      0      0      0      0      0      0      0      0      0      0      0      0      0      0      0     
0x7f362f77a070           FMNMX.FTZ R6, R11, R7, !PT                             1      0      1      32768  1048576 1048576 32     32     0      0      -      -      -      0       0      0      0       0      0      -      0      0      0      0      0      0      0      0      0      0      0      0      0      0      0      0      0      0      1      0      0      0      0      0      0      0      0      0      0      0      0      0      0      0      0      0      0      0      0      0     
0x7f362f77a080           LOP3.LUT R2, R2, 0xffff0000, RZ, 0xc0, !PT             2      1      2      32768  1048576 1048576 32     32     0      0      -      -      -      0       0      0      0       0      0      -      0      0      0      0      0      0      0      0      0      0      0      0      0      0      0      0      0      1      0      0      0      0      1      0      0      0      0      0      0      0      0      0      0      0      0      0      0      0      0      1     
0x7f362f77a090           FMNMX.FTZ R5, R5, R0, !PT                              0      0      0      32768  1048576 1048576 32     32     0      0      -      -      -      0       0      0      0       0      0      -      0      0      0      0      0      0      0      0      0      0      0      0      0      0      0      0      0      0      0      0      0      0      0      0      0      0      0      0      0      0      0      0      0      0      0      0      0      0      0      0     
0x7f362f77a0a0           LOP3.LUT R0, R3, 0xffff0000, RZ, 0xc0, !PT             4      0      4      32768  1048576 1048576 32     32     0      0      -      -      -      0       0      0      0       0      0      -      0      0      0      0      0      0      0      0      1      0      0      0      0      0      0      0      0      0      3      0      0      0      0      0      0      0      0      0      0      0      0      0      0      0      0      0      0      0      0      0     
0x7f362f77a0b0           LEA.HI R2, R6, R2, RZ, 0x10                            3      1      3      32768  1048576 1048576 32     32     0      0      -      -      -      0       0      0      0       0      0      -      0      0      0      0      0      0      0      0      0      0      0      0      0      0      0      0      0      0      2      0      0      0      1      0      0      0      0      0      0      0      0      0      0      0      0      0      0      0      0      1     
0x7f362f77a0c0           LEA.HI R0, R5, R0, RZ, 0x10                            1      1      1      32768  1048576 1048576 32     32     0      0      -      -      -      0       0      0      0       0      0      -      0      0      0      0      0      0      0      0      0      0      0      0      0      0      0      0      0      0      0      0      0      0      1      0      0      0      0      0      0      0      0      0      0      0      0      0      0      0      0      1     
0x7f362f77a0d0           SHF.R.U32.HI R5, RZ, 0x10, R2                          1      1      1      32768  1048576 1048576 32     32     0      0      -      -      -      0       0      0      0       0      0      -      0      0      0      0      0      0      0      0      0      0      0      0      0      0      0      0      0      0      0      0      0      0      1      0      0      0      0      0      0      0      0      0      0      0      0      0      0      0      0      1     
0x7f362f77a0e0           SHF.R.U32.HI R3, RZ, 0x10, R0                          2      1      2      32768  1048576 1048576 32     32     0      0      -      -      -      0       0      0      0       0      0      -      0      0      0      0      0      0      0      0      0      0      0      0      0      0      0      0      0      0      1      0      0      0      1      0      0      0      0      0      0      0      0      0      0      0      0      0      0      0      0      1     
0x7f362f77a0f0           IMAD.U32 R6, R5, 0x10000, RZ                           1      1      1      32768  1048576 1048576 32     32     0      0      -      -      -      0       0      0      0       0      0      -      0      0      0      0      0      0      0      0      0      0      0      0      0      0      0      0      0      0      0      0      0      0      1      0      0      0      0      0      0      0      0      0      0      0      0      0      0      0      0      1     
0x7f362f77a100           IMAD.U32 R3, R3, 0x10000, RZ                           2      2      2      32768  1048576 1048576 32     32     0      0      -      -      -      0       0      0      0       0      0      -      0      0      0      0      0      0      0      0      0      0      0      0      0      0      0      0      0      0      0      0      0      0      2      0      0      0      0      0      0      0      0      0      0      0      0      0      0      0      0      2     
0x7f362f77a110           IMAD.U32 R5, R2, 0x10000, RZ                           0      0      0      32768  1048576 1048576 32     32     0      0      -      -      -      0       0      0      0       0      0      -      0      0      0      0      0      0      0      0      0      0      0      0      0      0      0      0      0      0      0      0      0      0      0      0      0      0      0      0      0      0      0      0      0      0      0      0      0      0      0      0     
0x7f362f77a120           IMAD.U32 R2, R0, 0x10000, RZ                           3      2      3      32768  1048576 1048576 32     32     0      0      -      -      -      0       0      0      0       0      0      -      0      0      0      0      0      0      0      0      0      0      0      0      0      0      0      0      0      0      1      0      0      0      2      0      0      0      0      0      0      0      0      0      0      0      0      0      0      0      0      2     
0x7f362f77a130           FMNMX.FTZ R0, R6, R3, !PT                              1      0      1      32768  1048576 1048576 32     32     0      0      -      -      -      0       0      0      0       0      0      -      0      0      0      0      0      0      0      0      0      0      0      0      0      0      0      0      0      0      1      0      0      0      0      0      0      0      0      0      0      0      0      0      0      0      0      0      0      0      0      0     
0x7f362f77a140           FMNMX.FTZ R2, R5, R2, !PT                              7      4      7      32768  1048576 1048576 32     32     0      0      -      -      -      0       0      0      0       0      0      -      0      0      0      0      0      0      0      0      0      0      0      0      0      0      0      0      0      1      2      0      0      0      4      0      0      0      0      0      0      0      0      0      0      0      0      0      0      0      0      4     
0x7f362f77a150           LOP3.LUT R0, R0, 0xffff0000, RZ, 0xc0, !PT             1      0      1      32768  1048576 1048576 32     32     0      0      -      -      -      0       0      0      0       0      0      -      0      0      0      0      0      0      0      0      0      0      0      0      0      0      0      0      0      0      1      0      0      0      0      0      0      0      0      0      0      0      0      0      0      0      0      0      0      0      0      0     
0x7f362f77a160           LEA.HI R0, R2, R0, RZ, 0x10                            1      0      1      32768  1048576 1048576 32     32     0      0      -      -      -      0       0      0      0       0      0      -      0      0      0      0      0      0      0      0      0      0      0      0      0      0      0      0      0      0      1      0      0      0      0      0      0      0      0      0      0      0      0      0      0      0      0      0      0      0      0      0     
0x7f362f77a170           SHF.R.U32.HI R3, RZ, 0x10, R0                          3      2      3      32768  1048576 1048576 32     32     0      0      -      -      -      0       0      0      0       0      0      -      0      0      0      0      0      0      0      0      0      0      0      0      0      0      0      0      0      0      1      0      0      0      2      0      0      0      0      0      0      0      0      0      0      0      0      0      0      0      0      2     
0x7f362f77a180           IMAD.U32 R2, R0, 0x10000, RZ                           5      0      5      32768  1048576 1048576 32     32     0      0      -      -      -      0       0      0      0       0      0      -      0      0      0      0      0      0      0      0      3      0      0      0      0      0      0      0      0      0      2      0      0      0      0      0      0      0      0      0      0      0      0      0      0      0      0      0      0      0      0      0     
0x7f362f77a190           IMAD.U32 R0, R3, 0x10000, RZ                           2      1      2      32768  1048576 1048576 32     32     0      0      -      -      -      0       0      0      0       0      0      -      0      0      0      0      0      0      0      0      0      0      0      0      1      0      0      0      0      0      0      0      0      0      1      0      0      0      0      0      0      0      0      0      0      0      0      0      0      0      0      1     
0x7f362f77a1a0           FMNMX R0, R2, R0, !PT                                  6      5      6      32768  1048576 1048576 32     32     0      0      -      -      -      0       0      0      0       0      0      -      0      0      0      0      0      0      0      0      0      0      0      0      0      0      0      0      0      0      1      0      0      0      5      0      0      0      0      0      0      0      0      0      0      0      0      0      0      0      0      5     
0x7f362f77a1b0           FMUL R0, R0, 0.25                                      3      2      3      32768  1048576 1048576 32     32     0      0      -      -      -      0       0      0      0       0      0      -      0      0      0      0      0      0      0      0      0      0      0      0      0      0      0      0      0      0      0      0      0      0      3      0      0      0      0      0      0      0      0      0      0      0      0      0      0      0      0      2     
0x7f362f77a1c0           FMUL R2, R4, R0                                        4      3      4      32768  1048576 1048576 32     32     0      0      -      -      -      0       0      0      0       0      0      -      0      0      0      0      0      0      0      0      0      0      0      0      0      0      0      0      0      0      1      0      0      0      3      0      0      0      0      0      0      0      0      0      0      0      0      0      0      0      0      3     
0x7f362f77a1d0           MUFU.RCP R0, R4                                        0      0      0      32768  1048576 1048576 32     32     0      0      -      -      -      0       0      0      0       0      0      -      0      0      0      0      0      0      0      0      0      0      0      0      0      0      0      0      0      0      0      0      0      0      0      0      0      0      0      0      0      0      0      0      0      0      0      0      0      0      0      0     
0x7f362f77a1e0           F2FP.SATFINITE.E4M3.F32.PACK_AB_MERGE_C R2, RZ, R2, RZ 2      2      2      32768  1048576 1048576 32     32     0      0      -      -      -      0       0      0      0       0      0      -      0      0      0      0      0      0      0      0      0      0      0      0      1      0      0      0      0      0      0      0      0      0      1      0      0      0      0      0      0      1      0      0      0      0      0      0      0      0      0      1     
0x7f362f77a1f0           LOP3.LUT R5, R2, 0xffff, RZ, 0xc0, !PT                 1      1      1      32768  1048576 1048576 32     32     0      0      -      -      -      0       0      0      0       0      0      -      0      0      0      0      0      0      0      0      0      0      0      0      0      0      0      0      0      0      0      0      0      0      1      0      0      0      0      0      0      0      0      0      0      0      0      0      0      0      0      1     
0x7f362f77a200           F2FP.F16.E4M3.UNPACK_B R2, R5                          0      0      0      32768  1048576 1048576 32     32     0      0      -      -      -      0       0      0      0       0      0      -      0      0      0      0      0      0      0      0      0      0      0      0      0      0      0      0      0      0      0      0      0      0      0      0      0      0      0      0      0      0      0      0      0      0      0      0      0      0      0      0     
0x7f362f77a210           HADD2.F32 R2, -RZ, R2.H0_H0                            2      2      2      32768  1048576 1048576 32     32     0      0      -      -      -      0       0      0      0       0      0      -      0      0      0      0      0      0      0      0      0      0      0      0      0      0      0      0      0      0      0      0      0      0      2      0      0      0      0      0      0      0      0      0      0      0      0      0      0      0      0      2     
0x7f362f77a220           FFMA R3, -R4, R0, 1                                    0      0      0      32768  1048576 1048576 32     32     0      0      -      -      -      0       0      0      0       0      0      -      0      0      0      0      0      0      0      0      0      0      0      0      0      0      0      0      0      0      0      0      0      0      0      0      0      0      0      0      0      0      0      0      0      0      0      0      0      0      0      0     
0x7f362f77a230           FCHK P1, R2, R4                                        1      1      1      32768  1048576 1048576 32     32     0      0      -      -      -      0       0      0      0       0      0      -      0      0      0      0      0      0      0      0      0      0      0      0      0      0      0      0      0      0      0      0      0      0      1      0      0      0      0      0      0      0      0      0      0      0      0      0      0      0      0      1     
0x7f362f77a240           FMUL R6, R2, R0                                        0      0      0      32768  1048576 1048576 32     32     0      0      -      -      -      0       0      0      0       0      0      -      0      0      0      0      0      0      0      0      0      0      0      0      0      0      0      0      0      0      0      0      0      0      0      0      0      0      0      0      0      0      0      0      0      0      0      0      0      0      0      0     
0x7f362f77a250           FFMA R0, R0, R3, R0                                    0      0      0      32768  1048576 1048576 32     32     0      0      -      -      -      0       0      0      0       0      0      -      0      0      0      0      0      0      0      0      0      0      0      0      0      0      0      0      0      0      0      0      0      0      0      0      0      0      0      0      0      0      0      0      0      0      0      0      0      0      0      0     
0x7f362f77a260           FSETP.NEU.AND P0, PT, R2, RZ, PT                       0      0      0      32768  1048576 1048576 32     32     0      0      -      -      -      0       0      0      0       0      0      -      0      0      0      0      0      0      0      0      0      0      0      0      0      0      0      0      0      0      0      0      0      0      0      0      0      0      0      0      0      0      0      0      0      0      0      0      0      0      0      0     
0x7f362f77a270           FFMA R3, R2, R0, RZ                                    2      1      2      32768  1048576 1048576 32     32     0      0      -      -      -      0       0      0      0       0      0      -      0      0      0      0      0      0      0      0      0      0      0      0      0      0      0      0      0      0      0      0      0      0      2      0      0      0      0      0      0      0      0      0      0      0      0      0      0      0      0      1     
0x7f362f77a280           MUFU.RCP R7, R6                                        1      0      1      32768  1048576 1048576 32     32     0      0      -      -      -      0       0      0      0       0      0      -      0      0      0      0      0      0      0      0      0      0      0      0      0      0      0      0      0      0      1      0      0      0      0      0      0      0      0      0      0      0      0      0      0      0      0      0      0      0      0      0     
0x7f362f77a290           FFMA R6, -R4, R3, R2                                   4      4      4      32768  1048576 1048576 32     32     0      0      -      -      -      0       0      0      0       0      0      -      0      0      0      0      0      0      0      0      0      0      0      0      0      0      0      0      0      0      0      3      0      0      1      0      0      0      0      0      0      0      0      0      0      0      0      0      3      0      0      1     
0x7f362f77a2a0           FFMA R3, R6, R0, R3                                    0      0      0      32768  1048576 1048576 32     32     0      0      -      -      -      0       0      0      0       0      0      -      0      0      0      0      0      0      0      0      0      0      0      0      0      0      0      0      0      0      0      0      0      0      0      0      0      0      0      0      0      0      0      0      0      0      0      0      0      0      0      0     
0x7f362f77a2b0           FSEL R0, R7, RZ, P0                                    1      0      1      32768  1048576 1048576 32     32     0      0      -      -      -      0       0      0      0       0      0      -      0      0      0      0      0      0      0      0      0      0      0      0      0      0      0      0      0      0      1      0      0      0      0      0      0      0      0      0      0      0      0      0      0      0      0      0      0      0      0      0     
0x7f362f77a2c0     @!P1  BRA 0x7f362f77a2f0                                     0      0      0      32768  1048576 1048576 32     32     0      0      -      -      -      0       0      0      0       0      0      -      0      0      0      0      0      0      0      0      0      0      0      0      0      0      0      0      0      0      0      0      0      0      0      0      0      0      0      0      0      0      0      0      0      0      0      0      0      0      0      0     
0x7f362f77a2d0           MOV R12, 0xaf0                                         1      1      1      0      0       0       0      0      32     0      -      -      -      0       0      0      0       0      0      -      0      0      0      0      0      0      0      0      0      0      0      0      0      0      0      0      0      0      0      0      0      0      1      0      0      0      0      0      0      0      0      0      0      0      0      0      0      0      0      1     
0x7f362f77a2e0           CALL.REL.NOINC 0x7f362f77d4c0                          0      0      0      0      0       0       0      0      32     0      -      -      -      0       0      0      0       0      0      -      0      0      0      0      0      0      0      0      0      0      0      0      0      0      0      0      0      0      0      0      0      0      0      0      0      0      0      0      0      0      0      0      0      0      0      0      0      0      0      0     
0x7f362f77a2f0           BSYNC.RECONVERGENT B2                                  1      1      1      32768  1048576 1048576 32     32     0      0      -      -      -      0       0      0      0       0      0      -      0      0      0      0      0      0      0      0      0      0      0      0      0      0      0      0      1      0      0      0      0      0      0      0      0      0      0      0      0      0      0      0      0      1      0      0      0      0      0      0     
0x7f362f77a300           SHF.R.U32.HI R11, RZ, 0x10, R25                        9      7      9      32768  1048576 1048576 32     32     0      0      -      -      -      0       0      0      0       0      0      -      0      0      0      0      0      0      0      6      0      0      0      0      1      0      0      0      0      0      1      0      0      0      1      0      5      0      0      0      0      1      0      0      0      0      0      0      0      0      0      1     
0x7f362f77a310           STL [R1+0x18], R3                                      320    309    320    32768  1048576 1048576 32     32     0      0      Local  Store  32     0       0      0      0       0      131072 -      0      0      0      0      0      0      0      0      0      0      309    0      0      0      9      0      0      1      1      0      0      0      0      0      0      0      0      301    0      0      0      8      0      0      0      0      0      0      0      0     
0x7f362f77a320           SHF.R.U32.HI R7, RZ, 0x10, R24                         1      0      1      32768  1048576 1048576 32     32     0      0      -      -      -      0       0      0      0       0      0      -      0      0      0      0      0      0      0      0      0      0      0      0      0      0      0      0      0      0      1      0      0      0      0      0      0      0      0      0      0      0      0      0      0      0      0      0      0      0      0      0     
0x7f362f77a330           IMAD.U32 R49, R24, 0x10000, RZ                         1      0      1      32768  1048576 1048576 32     32     0      0      -      -      -      0       0      0      0       0      0      -      0      0      0      0      0      0      0      0      0      0      0      0      0      0      0      0      0      0      1      0      0      0      0      0      0      0      0      0      0      0      0      0      0      0      0      0      0      0      0      0     
0x7f362f77a340           SHF.R.U32.HI R13, RZ, 0x10, R16                        0      0      0      32768  1048576 1048576 32     32     0      0      -      -      -      0       0      0      0       0      0      -      0      0      0      0      0      0      0      0      0      0      0      0      0      0      0      0      0      0      0      0      0      0      0      0      0      0      0      0      0      0      0      0      0      0      0      0      0      0      0      0     
0x7f362f77a350           IMAD.U32 R50, R25, 0x10000, RZ                         0      0      0      32768  1048576 1048576 32     32     0      0      -      -      -      0       0      0      0       0      0      -      0      0      0      0      0      0      0      0      0      0      0      0      0      0      0      0      0      0      0      0      0      0      0      0      0      0      0      0      0      0      0      0      0      0      0      0      0      0      0      0     
0x7f362f77a360           SHF.R.U32.HI R12, RZ, 0x10, R14                        0      0      0      32768  1048576 1048576 32     32     0      0      -      -      -      0       0      0      0       0      0      -      0      0      0      0      0      0      0      0      0      0      0      0      0      0      0      0      0      0      0      0      0      0      0      0      0      0      0      0      0      0      0      0      0      0      0      0      0      0      0      0     
0x7f362f77a370           STL [R1+0x14], R58                                     195    187    195    32768  1048576 1048576 32     32     0      0      Local  Store  32     0       0      0      0       0      131072 -      0      0      0      0      0      0      0      0      0      0      191    0      0      0      3      0      0      1      0      0      0      0      0      0      0      0      0      184    0      0      0      3      0      0      0      0      0      0      0      0     
0x7f362f77a380           LOP3.LUT R53, R53, 0xfffffdff, RZ, 0xc0, !PT           0      0      0      32768  1048576 1048576 32     32     0      0      -      -      -      0       0      0      0       0      0      -      0      0      0      0      0      0      0      0      0      0      0      0      0      0      0      0      0      0      0      0      0      0      0      0      0      0      0      0      0      0      0      0      0      0      0      0      0      0      0      0     
0x7f362f77a390           FMUL R2, R0, R49                                       0      0      0      32768  1048576 1048576 32     32     0      0      -      -      -      0       0      0      0       0      0      -      0      0      0      0      0      0      0      0      0      0      0      0      0      0      0      0      0      0      0      0      0      0      0      0      0      0      0      0      0      0      0      0      0      0      0      0      0      0      0      0     
0x7f362f77a3a0           FMUL R6, R0, R50                                       3      0      3      32768  1048576 1048576 32     32     0      0      -      -      -      0       0      0      0       0      0      -      0      0      0      0      0      0      0      0      0      0      0      0      0      0      0      0      0      0      3      0      0      0      0      0      0      0      0      0      0      0      0      0      0      0      0      0      0      0      0      0     
0x7f362f77a3b0           STL [R1+0x10], R54                                     165    162    165    32768  1048576 1048576 32     32     0      0      Local  Store  32     0       0      0      0       0      131072 -      0      0      0      0      0      0      0      0      0      0      160    0      0      0      4      0      0      0      1      0      0      0      0      0      0      0      0      158    0      0      0      4      0      0      0      0      0      0      0      0     
0x7f362f77a3c0           IMAD.U32 R51, R16, 0x10000, RZ                         0      0      0      32768  1048576 1048576 32     32     0      0      -      -      -      0       0      0      0       0      0      -      0      0      0      0      0      0      0      0      0      0      0      0      0      0      0      0      0      0      0      0      0      0      0      0      0      0      0      0      0      0      0      0      0      0      0      0      0      0      0      0     
0x7f362f77a3d0           HFMA2 R59, -RZ, RZ, 0, 1.1920928955078125e-07          2      0      2      32768  1048576 1048576 32     32     0      0      -      -      -      0       0      0      0       0      0      -      0      0      0      0      0      0      0      0      0      0      0      0      0      0      0      0      0      0      2      0      0      0      0      0      0      0      0      0      0      0      0      0      0      0      0      0      0      0      0      0     
0x7f362f77a3e0           IMAD.U32 R56, R34, 0x10000, RZ                         4      3      4      32768  1048576 1048576 32     32     0      0      -      -      -      0       0      0      0       0      0      -      0      0      0      0      0      0      0      0      0      0      0      0      0      0      0      0      0      0      1      0      0      0      3      0      0      0      0      0      0      0      0      0      0      0      0      0      0      0      0      3     
0x7f362f77a3f0           STL [R1+0xc], R48                                      184    177    184    32768  1048576 1048576 32     32     0      0      Local  Store  32     0       0      0      0       0      131072 -      0      0      0      0      0      0      0      0      0      0      176    0      0      0      6      0      0      0      2      0      0      0      0      0      0      0      0      172    0      0      0      5      0      0      0      0      0      0      0      0     
0x7f362f77a400           FADD.FTZ R22, |R2|, -RZ                                2      0      2      32768  1048576 1048576 32     32     0      0      -      -      -      0       0      0      0       0      0      -      0      0      0      0      0      0      0      0      0      0      0      0      0      0      0      0      0      0      2      0      0      0      0      0      0      0      0      0      0      0      0      0      0      0      0      0      0      0      0      0     
0x7f362f77a410           IMAD.U32 R52, R14, 0x10000, RZ                         1      0      1      32768  1048576 1048576 32     32     0      0      -      -      -      0       0      0      0       0      0      -      0      0      0      0      0      0      0      0      0      0      0      0      0      0      0      0      0      0      1      0      0      0      0      0      0      0      0      0      0      0      0      0      0      0      0      0      0      0      0      0     
0x7f362f77a420           SHF.R.U32.HI R14, RZ, 0x10, R26                        0      0      0      32768  1048576 1048576 32     32     0      0      -      -      -      0       0      0      0       0      0      -      0      0      0      0      0      0      0      0      0      0      0      0      0      0      0      0      0      0      0      0      0      0      0      0      0      0      0      0      0      0      0      0      0      0      0      0      0      0      0      0     
0x7f362f77a430           STL [R1+0x8], R5                                       228    216    228    32768  1048576 1048576 32     32     0      0      Local  Store  32     0       0      0      0       0      131072 -      0      0      0      0      0      0      0      0      0      0      221    0      0      0      7      0      0      0      0      0      0      0      0      0      0      0      0      209    0      0      0      7      0      0      0      0      0      0      0      0     
0x7f362f77a440           FADD.FTZ R21, |R6|, -RZ                                0      0      0      32768  1048576 1048576 32     32     0      0      -      -      -      0       0      0      0       0      0      -      0      0      0      0      0      0      0      0      0      0      0      0      0      0      0      0      0      0      0      0      0      0      0      0      0      0      0      0      0      0      0      0      0      0      0      0      0      0      0      0     
0x7f362f77a450           FSETP.GTU.AND P0, PT, R22, 3, PT                       0      0      0      32768  1048576 1048576 32     32     0      0      -      -      -      0       0      0      0       0      0      -      0      0      0      0      0      0      0      0      0      0      0      0      0      0      0      0      0      0      0      0      0      0      0      0      0      0      0      0      0      0      0      0      0      0      0      0      0      0      0      0     
0x7f362f77a460           IMAD.U32 R55, R26, 0x10000, RZ                         4      0      4      32768  1048576 1048576 32     32     0      0      -      -      -      0       0      0      0       0      0      -      0      0      0      0      0      0      0      0      0      0      0      0      1      0      0      0      0      3      0      0      0      0      0      0      0      0      0      0      0      0      0      0      0      0      0      0      0      0      0      0     
0x7f362f77a470           STL [R1+0x4], R4                                       263    249    263    32768  1048576 1048576 32     32     0      0      Local  Store  32     0       0      0      0       0      131072 -      0      0      0      0      0      0      0      0      0      0      257    0      0      0      5      0      0      1      0      0      0      0      0      0      0      0      0      244    0      0      0      5      0      0      0      0      0      0      0      0     
0x7f362f77a480           IMAD.U32 R57, R27, 0x10000, RZ                         0      0      0      32768  1048576 1048576 32     32     0      0      -      -      -      0       0      0      0       0      0      -      0      0      0      0      0      0      0      0      0      0      0      0      0      0      0      0      0      0      0      0      0      0      0      0      0      0      0      0      0      0      0      0      0      0      0      0      0      0      0      0     
0x7f362f77a490           FSETP.GTU.AND P2, PT, R21, 3, PT                       1      0      1      32768  1048576 1048576 32     32     0      0      -      -      -      0       0      0      0       0      0      -      0      0      0      0      0      0      0      0      0      0      0      0      0      0      0      0      0      0      1      0      0      0      0      0      0      0      0      0      0      0      0      0      0      0      0      0      0      0      0      0     
0x7f362f77a4a0           IMAD.U32 R3, R14, 0x10000, RZ                          1      0      1      32768  1048576 1048576 32     32     0      0      -      -      -      0       0      0      0       0      0      -      0      0      0      0      0      0      0      0      0      0      0      0      0      0      0      0      0      0      1      0      0      0      0      0      0      0      0      0      0      0      0      0      0      0      0      0      0      0      0      0     
0x7f362f77a4b0           FMUL R9, R0, R55                                       2      2      2      32768  1048576 1048576 32     32     0      0      -      -      -      0       0      0      0       0      0      -      0      0      0      0      0      0      0      0      0      0      0      0      0      0      0      0      0      0      0      0      0      0      2      0      0      0      0      0      0      0      0      0      0      0      0      0      0      0      0      2     
0x7f362f77a4c0           FMUL R10, R0, R57                                      0      0      0      32768  1048576 1048576 32     32     0      0      -      -      -      0       0      0      0       0      0      -      0      0      0      0      0      0      0      0      0      0      0      0      0      0      0      0      0      0      0      0      0      0      0      0      0      0      0      0      0      0      0      0      0      0      0      0      0      0      0      0     
0x7f362f77a4d0           IMAD.U32 R60, R29, 0x10000, RZ                         1      0      1      32768  1048576 1048576 32     32     0      0      -      -      -      0       0      0      0       0      0      -      0      0      0      0      0      0      0      0      0      0      0      0      0      0      0      0      0      0      1      0      0      0      0      0      0      0      0      0      0      0      0      0      0      0      0      0      0      0      0      0     
0x7f362f77a4e0           SEL R18, R59, 0x3, !P2                                 0      0      0      32768  1048576 1048576 32     32     0      0      -      -      -      0       0      0      0       0      0      -      0      0      0      0      0      0      0      0      0      0      0      0      0      0      0      0      0      0      0      0      0      0      0      0      0      0      0      0      0      0      0      0      0      0      0      0      0      0      0      0     
0x7f362f77a4f0           FMUL R15, R0, R3                                       1      0      1      32768  1048576 1048576 32     32     0      0      -      -      -      0       0      0      0       0      0      -      0      0      0      0      0      0      0      0      0      0      0      0      0      0      0      0      0      0      1      0      0      0      0      0      0      0      0      0      0      0      0      0      0      0      0      0      0      0      0      0     
0x7f362f77a500           FADD.FTZ R17, |R9|, -RZ                                1      0      1      32768  1048576 1048576 32     32     0      0      -      -      -      0       0      0      0       0      0      -      0      0      0      0      0      0      0      0      0      0      0      0      0      0      0      0      0      0      1      0      0      0      0      0      0      0      0      0      0      0      0      0      0      0      0      0      0      0      0      0     
0x7f362f77a510           FADD.FTZ R16, |R10|, -RZ                               0      0      0      32768  1048576 1048576 32     32     0      0      -      -      -      0       0      0      0       0      0      -      0      0      0      0      0      0      0      0      0      0      0      0      0      0      0      0      0      0      0      0      0      0      0      0      0      0      0      0      0      0      0      0      0      0      0      0      0      0      0      0     
0x7f362f77a520           FMUL R8, R0, R56                                       1      0      1      32768  1048576 1048576 32     32     0      0      -      -      -      0       0      0      0       0      0      -      0      0      0      0      0      0      0      0      0      0      0      0      0      0      0      0      0      0      1      0      0      0      0      0      0      0      0      0      0      0      0      0      0      0      0      0      0      0      0      0     
0x7f362f77a530           FSETP.GTU.AND P3, PT, R21, 1.5, PT                     0      0      0      32768  1048576 1048576 32     32     0      0      -      -      -      0       0      0      0       0      0      -      0      0      0      0      0      0      0      0      0      0      0      0      0      0      0      0      0      0      0      0      0      0      0      0      0      0      0      0      0      0      0      0      0      0      0      0      0      0      0      0     
0x7f362f77a540           IMAD.U32 R54, R7, 0x10000, RZ                          224    209    224    32768  1048576 1048576 32     32     0      0      -      -      -      0       0      0      0       0      0      -      0      0      0      0      0      0      0      0      0      0      0      222    0      0      0      0      0      0      2      0      0      0      0      0      0      0      0      0      209    0      0      0      0      0      0      0      0      0      0      0     
0x7f362f77a550           FSETP.GTU.AND P2, PT, R17, 3, PT                       0      0      0      32768  1048576 1048576 32     32     0      0      -      -      -      0       0      0      0       0      0      -      0      0      0      0      0      0      0      0      0      0      0      0      0      0      0      0      0      0      0      0      0      0      0      0      0      0      0      0      0      0      0      0      0      0      0      0      0      0      0      0     
0x7f362f77a560           FSETP.GEU.AND P5, PT, R2, RZ, PT                       0      0      0      32768  1048576 1048576 32     32     0      0      -      -      -      0       0      0      0       0      0      -      0      0      0      0      0      0      0      0      0      0      0      0      0      0      0      0      0      0      0      0      0      0      0      0      0      0      0      0      0      0      0      0      0      0      0      0      0      0      0      0     
0x7f362f77a570           FSETP.GEU.AND P4, PT, R6, RZ, PT                       0      0      0      32768  1048576 1048576 32     32     0      0      -      -      -      0       0      0      0       0      0      -      0      0      0      0      0      0      0      0      0      0      0      0      0      0      0      0      0      0      0      0      0      0      0      0      0      0      0      0      0      0      0      0      0      0      0      0      0      0      0      0     
0x7f362f77a580           FMUL R2, R0, R51                                       0      0      0      32768  1048576 1048576 32     32     0      0      -      -      -      0       0      0      0       0      0      -      0      0      0      0      0      0      0      0      0      0      0      0      0      0      0      0      0      0      0      0      0      0      0      0      0      0      0      0      0      0      0      0      0      0      0      0      0      0      0      0     
0x7f362f77a590           IMAD.U32 R48, R11, 0x10000, RZ                         173    158    173    32768  1048576 1048576 32     32     0      0      -      -      -      0       0      0      0       0      0      -      0      0      0      0      0      0      0      0      0      0      0      171    0      0      0      0      0      0      2      0      0      0      0      0      0      0      0      0      158    0      0      0      0      0      0      0      0      0      0      0     
0x7f362f77a5a0           SEL R20, R59, 0x3, !P2                                 1      0      1      32768  1048576 1048576 32     32     0      0      -      -      -      0       0      0      0       0      0      -      0      0      0      0      0      0      0      0      0      0      0      0      0      0      0      0      0      0      1      0      0      0      0      0      0      0      0      0      0      0      0      0      0      0      0      0      0      0      0      0     
0x7f362f77a5b0           FMUL R11, R0, R60                                      0      0      0      32768  1048576 1048576 32     32     0      0      -      -      -      0       0      0      0       0      0      -      0      0      0      0      0      0      0      0      0      0      0      0      0      0      0      0      0      0      0      0      0      0      0      0      0      0      0      0      0      0      0      0      0      0      0      0      0      0      0      0     
0x7f362f77a5c0           IMAD.U32 R5, R13, 0x10000, RZ                          195    183    195    32768  1048576 1048576 32     32     0      0      -      -      -      0       0      0      0       0      0      -      0      0      0      0      0      0      0      0      0      0      0      193    0      0      0      0      0      0      2      0      0      0      0      0      0      0      0      0      183    0      0      0      0      0      0      0      0      0      0      0     
0x7f362f77a5d0           SEL R13, R59, 0x3, !P0                                 0      0      0      32768  1048576 1048576 32     32     0      0      -      -      -      0       0      0      0       0      0      -      0      0      0      0      0      0      0      0      0      0      0      0      0      0      0      0      0      0      0      0      0      0      0      0      0      0      0      0      0      0      0      0      0      0      0      0      0      0      0      0     
0x7f362f77a5e0           SEL R32, R18, 0x1, P3                                  0      0      0      32768  1048576 1048576 32     32     0      0      -      -      -      0       0      0      0       0      0      -      0      0      0      0      0      0      0      0      0      0      0      0      0      0      0      0      0      0      0      0      0      0      0      0      0      0      0      0      0      0      0      0      0      0      0      0      0      0      0      0     
0x7f362f77a5f0           FMUL R6, R0, R52                                       0      0      0      32768  1048576 1048576 32     32     0      0      -      -      -      0       0      0      0       0      0      -      0      0      0      0      0      0      0      0      0      0      0      0      0      0      0      0      0      0      0      0      0      0      0      0      0      0      0      0      0      0      0      0      0      0      0      0      0      0      0      0     
0x7f362f77a600           IMAD.U32 R4, R12, 0x10000, RZ                          181    166    181    32768  1048576 1048576 32     32     0      0      -      -      -      0       0      0      0       0      0      -      0      0      0      0      0      0      0      0      0      0      0      179    0      0      0      0      0      2      0      0      0      0      0      0      0      0      0      0      166    0      0      0      0      0      0      0      0      0      0      0     
0x7f362f77a610           FADD.FTZ R7, |R2|, -RZ                                 1      0      1      32768  1048576 1048576 32     32     0      0      -      -      -      0       0      0      0       0      0      -      0      0      0      0      0      0      0      0      0      0      0      0      0      0      0      0      0      0      1      0      0      0      0      0      0      0      0      0      0      0      0      0      0      0      0      0      0      0      0      0     
0x7f362f77a620           FSETP.GTU.AND P3, PT, R17, 1.5, PT                     0      0      0      32768  1048576 1048576 32     32     0      0      -      -      -      0       0      0      0       0      0      -      0      0      0      0      0      0      0      0      0      0      0      0      0      0      0      0      0      0      0      0      0      0      0      0      0      0      0      0      0      0      0      0      0      0      0      0      0      0      0      0     
0x7f362f77a630           SEL R47, RZ, 0x4, P4                                   1      0      1      32768  1048576 1048576 32     32     0      0      -      -      -      0       0      0      0       0      0      -      0      0      0      0      0      0      0      0      0      0      0      0      0      0      0      0      0      0      1      0      0      0      0      0      0      0      0      0      0      0      0      0      0      0      0      0      0      0      0      0     
0x7f362f77a640           FMUL R14, R0, R4                                       0      0      0      32768  1048576 1048576 32     32     0      0      -      -      -      0       0      0      0       0      0      -      0      0      0      0      0      0      0      0      0      0      0      0      0      0      0      0      0      0      0      0      0      0      0      0      0      0      0      0      0      0      0      0      0      0      0      0      0      0      0      0     
0x7f362f77a650           FSETP.GEU.AND P4, PT, R2, RZ, PT                       0      0      0      32768  1048576 1048576 32     32     0      0      -      -      -      0       0      0      0       0      0      -      0      0      0      0      0      0      0      0      0      0      0      0      0      0      0      0      0      0      0      0      0      0      0      0      0      0      0      0      0      0      0      0      0      0      0      0      0      0      0      0     
0x7f362f77a660           FADD.FTZ R2, |R6|, -RZ                                 1      0      1      32768  1048576 1048576 32     32     0      0      -      -      -      0       0      0      0       0      0      -      0      0      0      0      0      0      0      0      1      0      0      0      0      0      0      0      0      0      0      0      0      0      0      0      0      0      0      0      0      0      0      0      0      0      0      0      0      0      0      0     
0x7f362f77a670           SEL R45, RZ, 0x4, P5                                   1      0      1      32768  1048576 1048576 32     32     0      0      -      -      -      0       0      0      0       0      0      -      0      0      0      0      0      0      0      0      0      0      0      0      0      0      0      0      0      0      1      0      0      0      0      0      0      0      0      0      0      0      0      0      0      0      0      0      0      0      0      0     
0x7f362f77a680           FSETP.GTU.AND P5, PT, R7, 0.5, PT                      1      0      1      32768  1048576 1048576 32     32     0      0      -      -      -      0       0      0      0       0      0      -      0      0      0      0      0      0      0      0      0      0      0      0      0      0      0      0      0      0      1      0      0      0      0      0      0      0      0      0      0      0      0      0      0      0      0      0      0      0      0      0     
0x7f362f77a690           FSETP.GTU.AND P1, PT, R22, 1.5, PT                     2      0      2      32768  1048576 1048576 32     32     0      0      -      -      -      0       0      0      0       0      0      -      0      0      0      0      0      0      0      0      0      0      0      0      0      0      0      0      0      0      2      0      0      0      0      0      0      0      0      0      0      0      0      0      0      0      0      0      0      0      0      0     
0x7f362f77a6a0           SEL R46, RZ, 0x4, P4                                   1      0      1      32768  1048576 1048576 32     32     0      0      -      -      -      0       0      0      0       0      0      -      0      0      0      0      0      0      0      0      0      0      0      0      0      0      0      0      0      0      1      0      0      0      0      0      0      0      0      0      0      0      0      0      0      0      0      0      0      0      0      0     
0x7f362f77a6b0           FSETP.GTU.AND P0, PT, R2, 3, PT                        0      0      0      32768  1048576 1048576 32     32     0      0      -      -      -      0       0      0      0       0      0      -      0      0      0      0      0      0      0      0      0      0      0      0      0      0      0      0      0      0      0      0      0      0      0      0      0      0      0      0      0      0      0      0      0      0      0      0      0      0      0      0     
0x7f362f77a6c0           FSETP.GEU.AND P4, PT, R6, RZ, PT                       0      0      0      32768  1048576 1048576 32     32     0      0      -      -      -      0       0      0      0       0      0      -      0      0      0      0      0      0      0      0      0      0      0      0      0      0      0      0      0      0      0      0      0      0      0      0      0      0      0      0      0      0      0      0      0      0      0      0      0      0      0      0     
0x7f362f77a6d0           FADD.FTZ R6, |R11|, -RZ                                0      0      0      32768  1048576 1048576 32     32     0      0      -      -      -      0       0      0      0       0      0      -      0      0      0      0      0      0      0      0      0      0      0      0      0      0      0      0      0      0      0      0      0      0      0      0      0      0      0      0      0      0      0      0      0      0      0      0      0      0      0      0     
0x7f362f77a6e0           SEL R33, R13, 0x1, P1                                  0      0      0      32768  1048576 1048576 32     32     0      0      -      -      -      0       0      0      0       0      0      -      0      0      0      0      0      0      0      0      0      0      0      0      0      0      0      0      0      0      0      0      0      0      0      0      0      0      0      0      0      0      0      0      0      0      0      0      0      0      0      0     
0x7f362f77a6f0           FSETP.GTU.AND P1, PT, R2, 0.5, PT                      1      0      1      32768  1048576 1048576 32     32     0      0      -      -      -      0       0      0      0       0      0      -      0      0      0      0      0      0      0      0      0      0      0      0      0      0      0      0      0      0      1      0      0      0      0      0      0      0      0      0      0      0      0      0      0      0      0      0      0      0      0      0     
0x7f362f77a700           SEL R19, R59, 0x3, !P0                                 2      0      2      32768  1048576 1048576 32     32     0      0      -      -      -      0       0      0      0       0      0      -      0      0      0      0      0      0      0      0      0      0      0      0      0      0      0      0      0      0      2      0      0      0      0      0      0      0      0      0      0      0      0      0      0      0      0      0      0      0      0      0     
0x7f362f77a710           SEL R44, RZ, 0x4, P4                                   0      0      0      32768  1048576 1048576 32     32     0      0      -      -      -      0       0      0      0       0      0      -      0      0      0      0      0      0      0      0      0      0      0      0      0      0      0      0      0      0      0      0      0      0      0      0      0      0      0      0      0      0      0      0      0      0      0      0      0      0      0      0     
0x7f362f77a720           FSETP.GEU.AND P4, PT, R9, RZ, PT                       0      0      0      32768  1048576 1048576 32     32     0      0      -      -      -      0       0      0      0       0      0      -      0      0      0      0      0      0      0      0      0      0      0      0      0      0      0      0      0      0      0      0      0      0      0      0      0      0      0      0      0      0      0      0      0      0      0      0      0      0      0      0     
0x7f362f77a730           FMUL R9, R0, R54                                       1      0      1      32768  1048576 1048576 32     32     0      0      -      -      -      0       0      0      0       0      0      -      0      0      0      0      0      0      0      0      0      0      0      0      0      0      0      0      0      0      1      0      0      0      0      0      0      0      0      0      0      0      0      0      0      0      0      0      0      0      0      0     
0x7f362f77a740           FSETP.GTU.AND P2, PT, R6, 3, PT                        1      0      1      32768  1048576 1048576 32     32     0      0      -      -      -      0       0      0      0       0      0      -      0      0      0      0      0      0      0      0      0      0      0      0      0      0      0      0      0      0      1      0      0      0      0      0      0      0      0      0      0      0      0      0      0      0      0      0      0      0      0      0     
0x7f362f77a750     @P5   LOP3.LUT R53, R53, 0x200, RZ, 0xfc, !PT                0      0      0      32768  1048576 836773  32     25     7      0      -      -      -      0       0      0      0       0      0      -      0      0      0      0      0      0      0      0      0      0      0      0      0      0      0      0      0      0      0      0      0      0      0      0      0      0      0      0      0      0      0      0      0      0      0      0      0      0      0      0     
0x7f362f77a760           SEL R42, RZ, 0x4, P4                                   1      1      1      32768  1048576 1048576 32     32     0      0      -      -      -      0       0      0      0       0      0      -      0      0      0      0      0      0      0      0      0      0      0      0      0      0      0      0      0      0      0      0      0      0      1      0      0      0      0      0      0      0      0      0      0      0      0      0      0      0      0      1     
0x7f362f77a770           FSETP.GEU.AND P4, PT, R10, RZ, PT                      0      0      0      32768  1048576 1048576 32     32     0      0      -      -      -      0       0      0      0       0      0      -      0      0      0      0      0      0      0      0      0      0      0      0      0      0      0      0      0      0      0      0      0      0      0      0      0      0      0      0      0      0      0      0      0      0      0      0      0      0      0      0     
0x7f362f77a780           SEL R23, R59, 0x3, !P2                                 0      0      0      32768  1048576 1048576 32     32     0      0      -      -      -      0       0      0      0       0      0      -      0      0      0      0      0      0      0      0      0      0      0      0      0      0      0      0      0      0      0      0      0      0      0      0      0      0      0      0      0      0      0      0      0      0      0      0      0      0      0      0     
0x7f362f77a790           FMUL R10, R0, R48                                      1      0      1      32768  1048576 1048576 32     32     0      0      -      -      -      0       0      0      0       0      0      -      0      0      0      0      0      0      0      0      0      0      0      0      0      0      0      0      0      0      1      0      0      0      0      0      0      0      0      0      0      0      0      0      0      0      0      0      0      0      0      0     
0x7f362f77a7a0           FADD.FTZ R13, |R9|, -RZ                                1      0      1      32768  1048576 1048576 32     32     0      0      -      -      -      0       0      0      0       0      0      -      0      0      0      0      0      0      0      0      0      0      0      0      0      0      0      0      0      0      1      0      0      0      0      0      0      0      0      0      0      0      0      0      0      0      0      0      0      0      0      0     
0x7f362f77a7b0           SEL R43, RZ, 0x4, P4                                   0      0      0      32768  1048576 1048576 32     32     0      0      -      -      -      0       0      0      0       0      0      -      0      0      0      0      0      0      0      0      0      0      0      0      0      0      0      0      0      0      0      0      0      0      0      0      0      0      0      0      0      0      0      0      0      0      0      0      0      0      0      0     
0x7f362f77a7c0           FSETP.GEU.AND P4, PT, R8, RZ, PT                       1      0      1      32768  1048576 1048576 32     32     0      0      -      -      -      0       0      0      0       0      0      -      0      0      0      0      0      0      0      0      0      0      0      0      0      0      0      0      0      0      1      0      0      0      0      0      0      0      0      0      0      0      0      0      0      0      0      0      0      0      0      0     
0x7f362f77a7d0           FADD.FTZ R8, |R8|, -RZ                                 0      0      0      32768  1048576 1048576 32     32     0      0      -      -      -      0       0      0      0       0      0      -      0      0      0      0      0      0      0      0      0      0      0      0      0      0      0      0      0      0      0      0      0      0      0      0      0      0      0      0      0      0      0      0      0      0      0      0      0      0      0      0     
0x7f362f77a7e0           SEL R41, RZ, 0x4, P4                                   4      2      4      32768  1048576 1048576 32     32     0      0      -      -      -      0       0      0      0       0      0      -      0      0      0      0      0      0      0      0      0      0      0      0      0      0      0      0      0      0      2      0      0      0      2      0      0      0      0      0      0      0      0      0      0      0      0      0      0      0      0      2     
0x7f362f77a7f0           FSETP.GEU.AND P4, PT, R11, RZ, PT                      1      0      1      32768  1048576 1048576 32     32     0      0      -      -      -      0       0      0      0       0      0      -      0      0      0      0      0      0      0      0      0      0      0      0      0      0      0      0      0      0      1      0      0      0      0      0      0      0      0      0      0      0      0      0      0      0      0      0      0      0      0      0     
0x7f362f77a800           FMUL R11, R0, R5                                       1      0      1      32768  1048576 1048576 32     32     0      0      -      -      -      0       0      0      0       0      0      -      0      0      0      0      0      0      0      0      0      0      0      0      0      0      0      0      0      0      1      0      0      0      0      0      0      0      0      0      0      0      0      0      0      0      0      0      0      0      0      0     
0x7f362f77a810           FSETP.GTU.AND P0, PT, R8, 3, PT                        0      0      0      32768  1048576 1048576 32     32     0      0      -      -      -      0       0      0      0       0      0      -      0      0      0      0      0      0      0      0      0      0      0      0      0      0      0      0      0      0      0      0      0      0      0      0      0      0      0      0      0      0      0      0      0      0      0      0      0      0      0      0     
0x7f362f77a820           FSETP.GTU.AND P6, PT, R8, 0.5, PT                      1      0      1      32768  1048576 1048576 32     32     0      0      -      -      -      0       0      0      0       0      0      -      0      0      0      0      0      0      0      0      0      0      0      0      0      0      0      0      0      0      1      0      0      0      0      0      0      0      0      0      0      0      0      0      0      0      0      0      0      0      0      0     
0x7f362f77a830           SEL R35, RZ, 0x4, P4                                   1      0      1      32768  1048576 1048576 32     32     0      0      -      -      -      0       0      0      0       0      0      -      0      0      0      0      0      0      0      0      0      0      0      0      0      0      0      0      0      0      1      0      0      0      0      0      0      0      0      0      0      0      0      0      0      0      0      0      0      0      0      0     
0x7f362f77a840           FSETP.GTU.AND P4, PT, R7, 3, PT                        0      0      0      32768  1048576 1048576 32     32     0      0      -      -      -      0       0      0      0       0      0      -      0      0      0      0      0      0      0      0      0      0      0      0      0      0      0      0      0      0      0      0      0      0      0      0      0      0      0      0      0      0      0      0      0      0      0      0      0      0      0      0     
0x7f362f77a850           SEL R24, R59, 0x3, !P0                                 0      0      0      32768  1048576 1048576 32     32     0      0      -      -      -      0       0      0      0       0      0      -      0      0      0      0      0      0      0      0      0      0      0      0      0      0      0      0      0      0      0      0      0      0      0      0      0      0      0      0      0      0      0      0      0      0      0      0      0      0      0      0     
0x7f362f77a860           FSETP.GEU.AND P2, PT, R11, RZ, PT                      0      0      0      32768  1048576 1048576 32     32     0      0      -      -      -      0       0      0      0       0      0      -      0      0      0      0      0      0      0      0      0      0      0      0      0      0      0      0      0      0      0      0      0      0      0      0      0      0      0      0      0      0      0      0      0      0      0      0      0      0      0      0     
0x7f362f77a870           FSETP.GEU.AND P0, PT, R10, RZ, PT                      0      0      0      32768  1048576 1048576 32     32     0      0      -      -      -      0       0      0      0       0      0      -      0      0      0      0      0      0      0      0      0      0      0      0      0      0      0      0      0      0      0      0      0      0      0      0      0      0      0      0      0      0      0      0      0      0      0      0      0      0      0      0     
0x7f362f77a880           SEL R12, R59, 0x3, !P4                                 2      2      2      32768  1048576 1048576 32     32     0      0      -      -      -      0       0      0      0       0      0      -      0      0      0      0      0      0      0      0      0      0      0      0      0      0      0      0      0      0      0      0      0      0      2      0      0      0      0      0      0      0      0      0      0      0      0      0      0      0      0      2     
0x7f362f77a890           FSETP.GTU.AND P4, PT, R16, 3, PT                       0      0      0      32768  1048576 1048576 32     32     0      0      -      -      -      0       0      0      0       0      0      -      0      0      0      0      0      0      0      0      0      0      0      0      0      0      0      0      0      0      0      0      0      0      0      0      0      0      0      0      0      0      0      0      0      0      0      0      0      0      0      0     
0x7f362f77a8a0           SEL R39, RZ, 0x4, P2                                   0      0      0      32768  1048576 1048576 32     32     0      0      -      -      -      0       0      0      0       0      0      -      0      0      0      0      0      0      0      0      0      0      0      0      0      0      0      0      0      0      0      0      0      0      0      0      0      0      0      0      0      0      0      0      0      0      0      0      0      0      0      0     
0x7f362f77a8b0           FSETP.GTU.AND P2, PT, R7, 1.5, PT                      0      0      0      32768  1048576 1048576 32     32     0      0      -      -      -      0       0      0      0       0      0      -      0      0      0      0      0      0      0      0      0      0      0      0      0      0      0      0      0      0      0      0      0      0      0      0      0      0      0      0      0      0      0      0      0      0      0      0      0      0      0      0     
0x7f362f77a8c0           SHF.R.U32.HI R7, RZ, 0x10, R27                         5      3      5      32768  1048576 1048576 32     32     0      0      -      -      -      0       0      0      0       0      0      -      0      0      0      0      0      0      0      0      0      0      0      0      5      0      0      0      0      0      0      0      0      0      0      0      0      0      0      0      0      3      0      0      0      0      0      0      0      0      0      0     
0x7f362f77a8d0           SEL R25, R59, 0x3, !P4                                 1      0      1      32768  1048576 1048576 32     32     0      0      -      -      -      0       0      0      0       0      0      -      0      0      0      0      0      0      0      0      0      0      0      0      0      0      0      0      0      1      0      0      0      0      0      0      0      0      0      0      0      0      0      0      0      0      0      0      0      0      0      0     
0x7f362f77a8e0           SEL R27, R20, 0x1, P3                                  0      0      0      32768  1048576 1048576 32     32     0      0      -      -      -      0       0      0      0       0      0      -      0      0      0      0      0      0      0      0      0      0      0      0      0      0      0      0      0      0      0      0      0      0      0      0      0      0      0      0      0      0      0      0      0      0      0      0      0      0      0      0     
0x7f362f77a8f0           SEL R38, RZ, 0x4, P0                                   0      0      0      32768  1048576 1048576 32     32     0      0      -      -      -      0       0      0      0       0      0      -      0      0      0      0      0      0      0      0      0      0      0      0      0      0      0      0      0      0      0      0      0      0      0      0      0      0      0      0      0      0      0      0      0      0      0      0      0      0      0      0     
0x7f362f77a900           IMAD.U32 R28, R7, 0x10000, RZ                          2      0      2      32768  1048576 1048576 32     32     0      0      -      -      -      0       0      0      0       0      0      -      0      0      0      0      0      0      0      0      0      0      0      0      0      0      0      0      0      1      1      0      0      0      0      0      0      0      0      0      0      0      0      0      0      0      0      0      0      0      0      0     
0x7f362f77a910           FSETP.GEU.AND P0, PT, R15, RZ, PT                      1      0      1      32768  1048576 1048576 32     32     0      0      -      -      -      0       0      0      0       0      0      -      0      0      0      0      0      0      0      0      0      0      0      0      0      0      0      0      0      0      1      0      0      0      0      0      0      0      0      0      0      0      0      0      0      0      0      0      0      0      0      0     
0x7f362f77a920           FSETP.GTU.AND P3, PT, R6, 1.5, PT                      0      0      0      32768  1048576 1048576 32     32     0      0      -      -      -      0       0      0      0       0      0      -      0      0      0      0      0      0      0      0      0      0      0      0      0      0      0      0      0      0      0      0      0      0      0      0      0      0      0      0      0      0      0      0      0      0      0      0      0      0      0      0     
0x7f362f77a930           FSETP.GEU.AND P4, PT, R9, RZ, PT                       2      0      2      32768  1048576 1048576 32     32     0      0      -      -      -      0       0      0      0       0      0      -      0      0      0      0      0      0      0      0      0      0      0      0      0      0      0      0      0      0      2      0      0      0      0      0      0      0      0      0      0      0      0      0      0      0      0      0      0      0      0      0     
0x7f362f77a940           FADD.FTZ R9, |R14|, -RZ                                0      0      0      32768  1048576 1048576 32     32     0      0      -      -      -      0       0      0      0       0      0      -      0      0      0      0      0      0      0      0      0      0      0      0      0      0      0      0      0      0      0      0      0      0      0      0      0      0      0      0      0      0      0      0      0      0      0      0      0      0      0      0     
0x7f362f77a950           STL [R1], R28                                          180    165    180    32768  1048576 1048576 32     32     0      0      Local  Store  32     0       0      0      0       0      131072 -      0      0      0      0      0      0      0      0      0      0      165    0      0      0      13     0      0      1      1      0      0      0      0      0      0      0      0      154    0      0      0      11     0      0      0      0      0      0      0      0     
0x7f362f77a960           SEL R37, RZ, 0x4, P0                                   0      0      0      32768  1048576 1048576 32     32     0      0      -      -      -      0       0      0      0       0      0      -      0      0      0      0      0      0      0      0      0      0      0      0      0      0      0      0      0      0      0      0      0      0      0      0      0      0      0      0      0      0      0      0      0      0      0      0      0      0      0      0     
0x7f362f77a970           FSETP.GTU.AND P0, PT, R2, 1.5, PT                      0      0      0      32768  1048576 1048576 32     32     0      0      -      -      -      0       0      0      0       0      0      -      0      0      0      0      0      0      0      0      0      0      0      0      0      0      0      0      0      0      0      0      0      0      0      0      0      0      0      0      0      0      0      0      0      0      0      0      0      0      0      0     
0x7f362f77a980           SHF.R.U32.HI R2, RZ, 0x10, R34                         1      0      1      32768  1048576 1048576 32     32     0      0      -      -      -      0       0      0      0       0      0      -      0      0      0      0      0      0      0      0      0      0      0      0      0      0      0      0      0      1      0      0      0      0      0      0      0      0      0      0      0      0      0      0      0      0      0      0      0      0      0      0     
0x7f362f77a990           SEL R23, R23, 0x1, P3                                  0      0      0      32768  1048576 1048576 32     32     0      0      -      -      -      0       0      0      0       0      0      -      0      0      0      0      0      0      0      0      0      0      0      0      0      0      0      0      0      0      0      0      0      0      0      0      0      0      0      0      0      0      0      0      0      0      0      0      0      0      0      0     
0x7f362f77a9a0           SEL R36, RZ, 0x4, P4                                   0      0      0      32768  1048576 1048576 32     32     0      0      -      -      -      0       0      0      0       0      0      -      0      0      0      0      0      0      0      0      0      0      0      0      0      0      0      0      0      0      0      0      0      0      0      0      0      0      0      0      0      0      0      0      0      0      0      0      0      0      0      0     
0x7f362f77a9b0           SEL R30, R19, 0x1, P0                                  2      0      2      32768  1048576 1048576 32     32     0      0      -      -      -      0       0      0      0       0      0      -      0      0      0      0      0      0      0      0      0      0      0      0      0      0      0      0      0      1      1      0      0      0      0      0      0      0      0      0      0      0      0      0      0      0      0      0      0      0      0      0     
0x7f362f77a9c0           FSETP.GTU.AND P0, PT, R8, 1.5, PT                      1      0      1      32768  1048576 1048576 32     32     0      0      -      -      -      0       0      0      0       0      0      -      0      0      0      0      0      0      0      0      0      0      0      0      0      0      0      0      0      0      1      0      0      0      0      0      0      0      0      0      0      0      0      0      0      0      0      0      0      0      0      0     
0x7f362f77a9d0           FSETP.GEU.AND P4, PT, R14, RZ, PT                      1      0      1      32768  1048576 1048576 32     32     0      0      -      -      -      0       0      0      0       0      0      -      0      0      0      0      0      0      0      0      0      0      0      0      0      0      0      0      0      0      1      0      0      0      0      0      0      0      0      0      0      0      0      0      0      0      0      0      0      0      0      0     
0x7f362f77a9e0           IMAD.U32 R61, R2, 0x10000, RZ                          3      0      3      32768  1048576 1048576 32     32     0      0      -      -      -      0       0      0      0       0      0      -      0      0      0      0      0      0      0      0      0      0      0      0      0      0      0      0      0      2      1      0      0      0      0      0      0      0      0      0      0      0      0      0      0      0      0      0      0      0      0      0     
0x7f362f77a9f0           SHF.R.U32.HI R2, RZ, 0x10, R29                         0      0      0      32768  1048576 1048576 32     32     0      0      -      -      -      0       0      0      0       0      0      -      0      0      0      0      0      0      0      0      0      0      0      0      0      0      0      0      0      0      0      0      0      0      0      0      0      0      0      0      0      0      0      0      0      0      0      0      0      0      0      0     
0x7f362f77aa00           SEL R31, R12, 0x1, P2                                  0      0      0      32768  1048576 1048576 32     32     0      0      -      -      -      0       0      0      0       0      0      -      0      0      0      0      0      0      0      0      0      0      0      0      0      0      0      0      0      0      0      0      0      0      0      0      0      0      0      0      0      0      0      0      0      0      0      0      0      0      0      0     
0x7f362f77aa10           FSETP.GTU.AND P2, PT, R16, 1.5, PT                     1      0      1      32768  1048576 1048576 32     32     0      0      -      -      -      0       0      0      0       0      0      -      0      0      0      0      0      0      0      0      0      0      0      0      0      0      0      0      0      0      1      0      0      0      0      0      0      0      0      0      0      0      0      0      0      0      0      0      0      0      0      0     
0x7f362f77aa20           FADD.FTZ R12, |R10|, -RZ                               2      0      2      32768  1048576 1048576 32     32     0      0      -      -      -      0       0      0      0       0      0      -      0      0      0      0      0      0      0      0      0      0      0      0      0      0      0      0      0      0      2      0      0      0      0      0      0      0      0      0      0      0      0      0      0      0      0      0      0      0      0      0     
0x7f362f77aa30           FADD.FTZ R10, |R11|, -RZ                               1      0      1      32768  1048576 1048576 32     32     0      0      -      -      -      0       0      0      0       0      0      -      0      0      0      0      0      0      0      0      0      0      0      0      0      0      0      0      0      0      1      0      0      0      0      0      0      0      0      0      0      0      0      0      0      0      0      0      0      0      0      0     
0x7f362f77aa40           IMAD.U32 R58, R2, 0x10000, RZ                          2      0      2      32768  1048576 1048576 32     32     0      0      -      -      -      0       0      0      0       0      0      -      0      0      0      0      0      0      0      0      0      0      0      0      1      0      0      0      0      1      0      0      0      0      0      0      0      0      0      0      0      0      0      0      0      0      0      0      0      0      0      0     
0x7f362f77aa50           FADD.FTZ R11, |R15|, -RZ                               2      1      2      32768  1048576 1048576 32     32     0      0      -      -      -      0       0      0      0       0      0      -      0      0      0      0      0      0      0      0      0      0      0      0      0      0      0      0      0      1      0      0      0      0      1      0      0      0      0      0      0      0      0      0      0      0      0      0      0      0      0      1     
0x7f362f77aa60           SEL R26, R25, 0x1, P2                                  1      0      1      32768  1048576 1048576 32     32     0      0      -      -      -      0       0      0      0       0      0      -      0      0      0      0      0      0      0      0      0      0      0      0      0      0      0      0      0      0      1      0      0      0      0      0      0      0      0      0      0      0      0      0      0      0      0      0      0      0      0      0     
0x7f362f77aa70           SEL R25, R24, 0x1, P0                                  0      0      0      32768  1048576 1048576 32     32     0      0      -      -      -      0       0      0      0       0      0      -      0      0      0      0      0      0      0      0      0      0      0      0      0      0      0      0      0      0      0      0      0      0      0      0      0      0      0      0      0      0      0      0      0      0      0      0      0      0      0      0     
0x7f362f77aa80           FMUL R2, R0, R58                                       0      0      0      32768  1048576 1048576 32     32     0      0      -      -      -      0       0      0      0       0      0      -      0      0      0      0      0      0      0      0      0      0      0      0      0      0      0      0      0      0      0      0      0      0      0      0      0      0      0      0      0      0      0      0      0      0      0      0      0      0      0      0     
0x7f362f77aa90           FSETP.GTU.AND P0, PT, R12, 3, PT                       1      0      1      32768  1048576 1048576 32     32     0      0      -      -      -      0       0      0      0       0      0      -      0      0      0      0      0      0      0      0      0      0      0      0      0      0      0      0      0      0      1      0      0      0      0      0      0      0      0      0      0      0      0      0      0      0      0      0      0      0      0      0     
0x7f362f77aaa0           FSETP.GTU.AND P3, PT, R10, 3, PT                       0      0      0      32768  1048576 1048576 32     32     0      0      -      -      -      0       0      0      0       0      0      -      0      0      0      0      0      0      0      0      0      0      0      0      0      0      0      0      0      0      0      0      0      0      0      0      0      0      0      0      0      0      0      0      0      0      0      0      0      0      0      0     
0x7f362f77aab0           FSETP.GTU.AND P2, PT, R13, 3, PT                       0      0      0      32768  1048576 1048576 32     32     0      0      -      -      -      0       0      0      0       0      0      -      0      0      0      0      0      0      0      0      0      0      0      0      0      0      0      0      0      0      0      0      0      0      0      0      0      0      0      0      0      0      0      0      0      0      0      0      0      0      0      0     
0x7f362f77aac0           FMUL R28, R0, R28                                      603    553    603    32768  1048576 1048576 32     32     0      0      -      -      -      0       0      0      0       0      0      -      0      0      0      0      0      0      0      0      0      0      0      603    0      0      0      0      0      0      0      0      0      0      0      0      0      0      0      0      553    0      0      0      0      0      0      0      0      0      0      0     
0x7f362f77aad0           SEL R40, RZ, 0x4, P4                                   0      0      0      32768  1048576 1048576 32     32     0      0      -      -      -      0       0      0      0       0      0      -      0      0      0      0      0      0      0      0      0      0      0      0      0      0      0      0      0      0      0      0      0      0      0      0      0      0      0      0      0      0      0      0      0      0      0      0      0      0      0      0     
0x7f362f77aae0           SEL R15, R59, 0x3, !P0                                 0      0      0      32768  1048576 1048576 32     32     0      0      -      -      -      0       0      0      0       0      0      -      0      0      0      0      0      0      0      0      0      0      0      0      0      0      0      0      0      0      0      0      0      0      0      0      0      0      0      0      0      0      0      0      0      0      0      0      0      0      0      0     
0x7f362f77aaf0           SEL R20, R59, 0x3, !P3                                 1      0      1      32768  1048576 1048576 32     32     0      0      -      -      -      0       0      0      0       0      0      -      0      0      0      0      0      0      0      0      0      0      0      0      0      0      0      0      0      0      1      0      0      0      0      0      0      0      0      0      0      0      0      0      0      0      0      0      0      0      0      0     
0x7f362f77ab00           SEL R14, R59, 0x3, !P2                                 1      0      1      32768  1048576 1048576 32     32     0      0      -      -      -      0       0      0      0       0      0      -      0      0      0      0      0      0      0      0      0      0      0      0      0      0      0      0      0      0      1      0      0      0      0      0      0      0      0      0      0      0      0      0      0      0      0      0      0      0      0      0     
0x7f362f77ab10           FSETP.GTU.AND P0, PT, R11, 3, PT                       0      0      0      32768  1048576 1048576 32     32     0      0      -      -      -      0       0      0      0       0      0      -      0      0      0      0      0      0      0      0      0      0      0      0      0      0      0      0      0      0      0      0      0      0      0      0      0      0      0      0      0      0      0      0      0      0      0      0      0      0      0      0     
0x7f362f77ab20           FSETP.GTU.AND P2, PT, R9, 3, PT                        1      0      1      32768  1048576 1048576 32     32     0      0      -      -      -      0       0      0      0       0      0      -      0      0      0      0      0      0      0      0      0      0      0      0      0      0      0      0      0      0      1      0      0      0      0      0      0      0      0      0      0      0      0      0      0      0      0      0      0      0      0      0     
0x7f362f77ab30           FADD.FTZ R7, |R28|, -RZ                                0      0      0      32768  1048576 1048576 32     32     0      0      -      -      -      0       0      0      0       0      0      -      0      0      0      0      0      0      0      0      0      0      0      0      0      0      0      0      0      0      0      0      0      0      0      0      0      0      0      0      0      0      0      0      0      0      0      0      0      0      0      0     
0x7f362f77ab40           SEL R30, R30, RZ, P1                                   0      0      0      32768  1048576 1048576 32     32     0      0      -      -      -      0       0      0      0       0      0      -      0      0      0      0      0      0      0      0      0      0      0      0      0      0      0      0      0      0      0      0      0      0      0      0      0      0      0      0      0      0      0      0      0      0      0      0      0      0      0      0     
0x7f362f77ab50           SEL R25, R25, RZ, P6                                   1      0      1      32768  1048576 1048576 32     32     0      0      -      -      -      0       0      0      0       0      0      -      0      0      0      0      0      0      0      0      0      0      0      0      0      0      0      0      0      0      1      0      0      0      0      0      0      0      0      0      0      0      0      0      0      0      0      0      0      0      0      0     
0x7f362f77ab60           SEL R24, R59, 0x3, !P0                                 1      0      1      32768  1048576 1048576 32     32     0      0      -      -      -      0       0      0      0       0      0      -      0      0      0      0      0      0      0      0      0      0      0      0      0      0      0      0      0      0      1      0      0      0      0      0      0      0      0      0      0      0      0      0      0      0      0      0      0      0      0      0     
0x7f362f77ab70           SEL R19, R59, 0x3, !P2                                 0      0      0      32768  1048576 1048576 32     32     0      0      -      -      -      0       0      0      0       0      0      -      0      0      0      0      0      0      0      0      0      0      0      0      0      0      0      0      0      0      0      0      0      0      0      0      0      0      0      0      0      0      0      0      0      0      0      0      0      0      0      0     
0x7f362f77ab80           FSETP.GTU.AND P0, PT, R7, 3, PT                        1      0      1      32768  1048576 1048576 32     32     0      0      -      -      -      0       0      0      0       0      0      -      0      0      0      0      0      0      0      0      0      0      0      0      0      0      0      0      0      0      1      0      0      0      0      0      0      0      0      0      0      0      0      0      0      0      0      0      0      0      0      0     
0x7f362f77ab90           FSETP.GEU.AND P6, PT, R28, RZ, PT                      0      0      0      32768  1048576 1048576 32     32     0      0      -      -      -      0       0      0      0       0      0      -      0      0      0      0      0      0      0      0      0      0      0      0      0      0      0      0      0      0      0      0      0      0      0      0      0      0      0      0      0      0      0      0      0      0      0      0      0      0      0      0     
0x7f362f77aba0           FSETP.GTU.AND P1, PT, R7, 1.5, PT                      0      0      0      32768  1048576 1048576 32     32     0      0      -      -      -      0       0      0      0       0      0      -      0      0      0      0      0      0      0      0      0      0      0      0      0      0      0      0      0      0      0      0      0      0      0      0      0      0      0      0      0      0      0      0      0      0      0      0      0      0      0      0     
0x7f362f77abb0           IADD3 R44, PT, PT, R30, R44, RZ                        3      0      3      32768  1048576 1048576 32     32     0      0      -      -      -      0       0      0      0       0      0      -      0      0      0      0      0      0      0      0      0      0      0      0      0      0      0      0      0      0      3      0      0      0      0      0      0      0      0      0      0      0      0      0      0      0      0      0      0      0      0      0     
0x7f362f77abc0           IADD3 R41, PT, PT, R25, R41, RZ                        1      0      1      32768  1048576 1048576 32     32     0      0      -      -      -      0       0      0      0       0      0      -      0      0      0      0      0      0      0      0      0      0      0      0      1      0      0      0      0      0      0      0      0      0      0      0      0      0      0      0      0      0      0      0      0      0      0      0      0      0      0      0     
0x7f362f77abd0           SEL R18, R59, 0x3, !P0                                 1      0      1      32768  1048576 1048576 32     32     0      0      -      -      -      0       0      0      0       0      0      -      0      0      0      0      0      0      0      0      0      0      0      0      0      0      0      0      0      0      1      0      0      0      0      0      0      0      0      0      0      0      0      0      0      0      0      0      0      0      0      0     
0x7f362f77abe0           FSETP.GTU.AND P3, PT, R6, 0.5, PT                      1      0      1      32768  1048576 1048576 32     32     0      0      -      -      -      0       0      0      0       0      0      -      0      0      0      0      0      0      0      0      0      0      0      0      0      0      0      0      0      0      1      0      0      0      0      0      0      0      0      0      0      0      0      0      0      0      0      0      0      0      0      0     
0x7f362f77abf0           FMUL R6, R0, R61                                       0      0      0      32768  1048576 1048576 32     32     0      0      -      -      -      0       0      0      0       0      0      -      0      0      0      0      0      0      0      0      0      0      0      0      0      0      0      0      0      0      0      0      0      0      0      0      0      0      0      0      0      0      0      0      0      0      0      0      0      0      0      0     
0x7f362f77ac00           FSETP.GTU.AND P5, PT, R12, 1.5, PT                     2      0      2      32768  1048576 1048576 32     32     0      0      -      -      -      0       0      0      0       0      0      -      0      0      0      0      0      0      0      0      0      0      0      0      0      0      0      0      0      0      2      0      0      0      0      0      0      0      0      0      0      0      0      0      0      0      0      0      0      0      0      0     
0x7f362f77ac10           SEL R23, R23, RZ, P3                                   2      0      2      32768  1048576 1048576 32     32     0      0      -      -      -      0       0      0      0       0      0      -      0      0      0      0      0      0      0      0      0      0      0      0      0      0      0      0      0      0      1      0      0      0      1      0      0      0      0      0      0      0      0      0      0      0      0      0      0      0      0      0     
0x7f362f77ac20           FSETP.GEU.AND P4, PT, R6, RZ, PT                       2      0      2      32768  1048576 1048576 32     32     0      0      -      -      -      0       0      0      0       0      0      -      0      0      0      0      0      0      0      0      1      0      0      0      0      0      0      0      0      0      1      0      0      0      0      0      0      0      0      0      0      0      0      0      0      0      0      0      0      0      0      0     
0x7f362f77ac30           FADD.FTZ R6, |R6|, -RZ                                 2      0      2      32768  1048576 1048576 32     32     0      0      -      -      -      0       0      0      0       0      0      -      0      0      0      0      0      0      0      0      0      0      0      0      0      0      0      0      0      0      2      0      0      0      0      0      0      0      0      0      0      0      0      0      0      0      0      0      0      0      0      0     
0x7f362f77ac40           SEL R15, R15, 0x1, P5                                  0      0      0      32768  1048576 1048576 32     32     0      0      -      -      -      0       0      0      0       0      0      -      0      0      0      0      0      0      0      0      0      0      0      0      0      0      0      0      0      0      0      0      0      0      0      0      0      0      0      0      0      0      0      0      0      0      0      0      0      0      0      0     
0x7f362f77ac50           FSETP.GTU.AND P5, PT, R22, 0.5, PT                     0      0      0      32768  1048576 1048576 32     32     0      0      -      -      -      0       0      0      0       0      0      -      0      0      0      0      0      0      0      0      0      0      0      0      0      0      0      0      0      0      0      0      0      0      0      0      0      0      0      0      0      0      0      0      0      0      0      0      0      0      0      0     
0x7f362f77ac60           IADD3 R35, PT, PT, R23, R35, RZ                        0      0      0      32768  1048576 1048576 32     32     0      0      -      -      -      0       0      0      0       0      0      -      0      0      0      0      0      0      0      0      0      0      0      0      0      0      0      0      0      0      0      0      0      0      0      0      0      0      0      0      0      0      0      0      0      0      0      0      0      0      0      0     
0x7f362f77ac70           FSETP.GTU.AND P3, PT, R11, 0.5, PT                     2      0      2      32768  1048576 1048576 32     32     0      0      -      -      -      0       0      0      0       0      0      -      0      0      0      0      0      0      0      0      0      0      0      0      0      0      0      0      0      0      2      0      0      0      0      0      0      0      0      0      0      0      0      0      0      0      0      0      0      0      0      0     
0x7f362f77ac80           FSETP.GTU.AND P0, PT, R6, 3, PT                        1      0      1      32768  1048576 1048576 32     32     0      0      -      -      -      0       0      0      0       0      0      -      0      0      0      0      0      0      0      0      0      0      0      0      0      0      0      0      0      0      1      0      0      0      0      0      0      0      0      0      0      0      0      0      0      0      0      0      0      0      0      0     
0x7f362f77ac90           SEL R8, R59, 0x3, !P0                                  4      2      4      32768  1048576 1048576 32     32     0      0      -      -      -      0       0      0      0       0      0      -      0      0      0      0      0      0      0      0      0      0      0      0      0      0      0      0      0      1      1      0      0      0      2      0      0      0      0      0      0      0      0      0      0      0      0      0      0      0      0      2     
0x7f362f77aca0           FSETP.GEU.AND P0, PT, R2, RZ, PT                       1      0      1      32768  1048576 1048576 32     32     0      0      -      -      -      0       0      0      0       0      0      -      0      0      0      0      0      0      0      0      0      0      0      0      0      0      0      0      0      0      1      0      0      0      0      0      0      0      0      0      0      0      0      0      0      0      0      0      0      0      0      0     
0x7f362f77acb0           FADD.FTZ R2, |R2|, -RZ                                 0      0      0      32768  1048576 1048576 32     32     0      0      -      -      -      0       0      0      0       0      0      -      0      0      0      0      0      0      0      0      0      0      0      0      0      0      0      0      0      0      0      0      0      0      0      0      0      0      0      0      0      0      0      0      0      0      0      0      0      0      0      0     
0x7f362f77acc0           FSETP.GTU.AND P2, PT, R2, 3, PT                        1      1      1      32768  1048576 1048576 32     32     0      0      -      -      -      0       0      0      0       0      0      -      0      0      0      0      0      0      0      0      0      0      0      0      0      0      0      0      0      0      0      0      0      0      1      0      0      0      0      0      0      0      0      0      0      0      0      0      0      0      0      1     
0x7f362f77acd0           SEL R34, R59, 0x3, !P2                                 1      0      1      32768  1048576 1048576 32     32     0      0      -      -      -      0       0      0      0       0      0      -      0      0      0      0      0      0      0      0      0      0      0      0      0      0      0      0      0      1      0      0      0      0      0      0      0      0      0      0      0      0      0      0      0      0      0      0      0      0      0      0     
0x7f362f77ace0           FSETP.GTU.AND P2, PT, R13, 1.5, PT                     0      0      0      32768  1048576 1048576 32     32     0      0      -      -      -      0       0      0      0       0      0      -      0      0      0      0      0      0      0      0      0      0      0      0      0      0      0      0      0      0      0      0      0      0      0      0      0      0      0      0      0      0      0      0      0      0      0      0      0      0      0      0     
0x7f362f77acf0           LDL.LU R59, [R1]                                       108    101    108    32768  1048576 1048576 32     32     0      0      Local  Load   32     0       0      0      0       0      131072 -      0      0      0      0      0      0      0      0      0      0      100    0      0      0      8      0      0      0      0      0      0      0      0      0      0      0      0      93     0      0      0      8      0      0      0      0      0      0      0      0     
0x7f362f77ad00           SEL R14, R14, 0x1, P2                                  2      2      2      32768  1048576 1048576 32     32     0      0      -      -      -      0       0      0      0       0      0      -      0      0      0      0      0      0      0      0      0      0      0      0      0      0      0      0      0      0      0      0      0      0      2      0      0      0      0      0      0      0      0      0      0      0      0      0      0      0      0      2     
0x7f362f77ad10           FSETP.GTU.AND P2, PT, R10, 1.5, PT                     1      0      1      32768  1048576 1048576 32     32     0      0      -      -      -      0       0      0      0       0      0      -      0      0      0      0      0      0      0      0      0      0      0      0      0      0      0      0      0      0      1      0      0      0      0      0      0      0      0      0      0      0      0      0      0      0      0      0      0      0      0      0     
0x7f362f77ad20           SEL R20, R20, 0x1, P2                                  1      1      1      32768  1048576 1048576 32     32     0      0      -      -      -      0       0      0      0       0      0      -      0      0      0      0      0      0      0      0      0      0      0      0      0      0      0      0      0      0      0      0      0      0      1      0      0      0      0      0      0      0      0      0      0      0      0      0      0      0      0      1     
0x7f362f77ad30           FSETP.GTU.AND P2, PT, R9, 1.5, PT                      0      0      0      32768  1048576 1048576 32     32     0      0      -      -      -      0       0      0      0       0      0      -      0      0      0      0      0      0      0      0      0      0      0      0      0      0      0      0      0      0      0      0      0      0      0      0      0      0      0      0      0      0      0      0      0      0      0      0      0      0      0      0     
0x7f362f77ad40           SEL R29, R19, 0x1, P2                                  2      1      2      32768  1048576 1048576 32     32     0      0      -      -      -      0       0      0      0       0      0      -      0      0      0      0      0      0      0      0      0      0      0      0      0      0      0      0      0      0      1      0      0      0      1      0      0      0      0      0      0      0      0      0      0      0      0      0      0      0      0      1     
0x7f362f77ad50           MOV R19, R3                                            1      0      1      32768  1048576 1048576 32     32     0      0      -      -      -      0       0      0      0       0      0      -      0      0      0      0      0      0      0      0      0      0      0      0      0      0      0      0      0      0      1      0      0      0      0      0      0      0      0      0      0      0      0      0      0      0      0      0      0      0      0      0     
0x7f362f77ad60           FSETP.GTU.AND P2, PT, R11, 1.5, PT                     0      0      0      32768  1048576 1048576 32     32     0      0      -      -      -      0       0      0      0       0      0      -      0      0      0      0      0      0      0      0      0      0      0      0      0      0      0      0      0      0      0      0      0      0      0      0      0      0      0      0      0      0      0      0      0      0      0      0      0      0      0      0     
0x7f362f77ad70           LDL.LU R3, [R1+0x18]                                   147    144    147    32768  1048576 1048576 32     32     0      0      Local  Load   32     0       0      0      0       0      131072 -      0      0      0      0      0      0      0      0      0      0      136    0      0      0      11     0      0      0      0      0      0      0      0      0      0      0      0      133    0      0      0      11     0      0      0      0      0      0      0      0     
0x7f362f77ad80           MOV R22, R19                                           0      0      0      32768  1048576 1048576 32     32     0      0      -      -      -      0       0      0      0       0      0      -      0      0      0      0      0      0      0      0      0      0      0      0      0      0      0      0      0      0      0      0      0      0      0      0      0      0      0      0      0      0      0      0      0      0      0      0      0      0      0      0     
0x7f362f77ad90           SEL R19, R33, RZ, P5                                   0      0      0      32768  1048576 1048576 32     32     0      0      -      -      -      0       0      0      0       0      0      -      0      0      0      0      0      0      0      0      0      0      0      0      0      0      0      0      0      0      0      0      0      0      0      0      0      0      0      0      0      0      0      0      0      0      0      0      0      0      0      0     
0x7f362f77ada0           LOP3.LUT P5, RZ, R53, 0x200, RZ, 0xc0, !PT             0      0      0      32768  1048576 1048576 32     32     0      0      -      -      -      0       0      0      0       0      0      -      0      0      0      0      0      0      0      0      0      0      0      0      0      0      0      0      0      0      0      0      0      0      0      0      0      0      0      0      0      0      0      0      0      0      0      0      0      0      0      0     
0x7f362f77adb0           SEL R24, R24, 0x1, P2                                  0      0      0      32768  1048576 1048576 32     32     0      0      -      -      -      0       0      0      0       0      0      -      0      0      0      0      0      0      0      0      0      0      0      0      0      0      0      0      0      0      0      0      0      0      0      0      0      0      0      0      0      0      0      0      0      0      0      0      0      0      0      0     
0x7f362f77adc0           MOV R33, R22                                           2      0      2      32768  1048576 1048576 32     32     0      0      -      -      -      0       0      0      0       0      0      -      0      0      0      0      0      0      0      0      0      0      0      0      0      0      0      0      0      0      2      0      0      0      0      0      0      0      0      0      0      0      0      0      0      0      0      0      0      0      0      0     
0x7f362f77add0           FMUL R22, R0, 0.75                                     0      0      0      32768  1048576 1048576 32     32     0      0      -      -      -      0       0      0      0       0      0      -      0      0      0      0      0      0      0      0      0      0      0      0      0      0      0      0      0      0      0      0      0      0      0      0      0      0      0      0      0      0      0      0      0      0      0      0      0      0      0      0     
0x7f362f77ade0           SEL R31, R31, RZ, P5                                   0      0      0      32768  1048576 1048576 32     32     0      0      -      -      -      0       0      0      0       0      0      -      0      0      0      0      0      0      0      0      0      0      0      0      0      0      0      0      0      0      0      0      0      0      0      0      0      0      0      0      0      0      0      0      0      0      0      0      0      0      0      0     
0x7f362f77adf0           FSETP.GTU.AND P2, PT, R21, 0.5, PT                     0      0      0      32768  1048576 1048576 32     32     0      0      -      -      -      0       0      0      0       0      0      -      0      0      0      0      0      0      0      0      0      0      0      0      0      0      0      0      0      0      0      0      0      0      0      0      0      0      0      0      0      0      0      0      0      0      0      0      0      0      0      0     
0x7f362f77ae00           SEL R21, R18, 0x1, P1                                  0      0      0      32768  1048576 1048576 32     32     0      0      -      -      -      0       0      0      0       0      0      -      0      0      0      0      0      0      0      0      0      0      0      0      0      0      0      0      0      0      0      0      0      0      0      0      0      0      0      0      0      0      0      0      0      0      0      0      0      0      0      0     
0x7f362f77ae10           FMUL R0, R49, R22                                      0      0      0      32768  1048576 1048576 32     32     0      0      -      -      -      0       0      0      0       0      0      -      0      0      0      0      0      0      0      0      0      0      0      0      0      0      0      0      0      0      0      0      0      0      0      0      0      0      0      0      0      0      0      0      0      0      0      0      0      0      0      0     
0x7f362f77ae20           IADD3 R45, PT, PT, R19, R45, RZ                        0      0      0      32768  1048576 1048576 32     32     0      0      -      -      -      0       0      0      0       0      0      -      0      0      0      0      0      0      0      0      0      0      0      0      0      0      0      0      0      0      0      0      0      0      0      0      0      0      0      0      0      0      0      0      0      0      0      0      0      0      0      0     
0x7f362f77ae30           IADD3 R46, PT, PT, R31, R46, RZ                        3      1      3      32768  1048576 1048576 32     32     0      0      -      -      -      0       0      0      0       0      0      -      0      0      0      0      0      0      0      0      0      0      0      0      1      0      0      0      0      0      1      0      0      0      1      0      0      0      0      0      0      0      0      0      0      0      0      0      0      0      0      1     
0x7f362f77ae40           SEL R32, R32, RZ, P2                                   0      0      0      32768  1048576 1048576 32     32     0      0      -      -      -      0       0      0      0       0      0      -      0      0      0      0      0      0      0      0      0      0      0      0      0      0      0      0      0      0      0      0      0      0      0      0      0      0      0      0      0      0      0      0      0      0      0      0      0      0      0      0     
0x7f362f77ae50           FSETP.GTU.AND P5, PT, R17, 0.5, PT                     1      0      1      32768  1048576 1048576 32     32     0      0      -      -      -      0       0      0      0       0      0      -      0      0      0      0      0      0      0      0      0      0      0      0      0      0      0      0      0      0      1      0      0      0      0      0      0      0      0      0      0      0      0      0      0      0      0      0      0      0      0      0     
0x7f362f77ae60           FSETP.GTU.AND P1, PT, R6, 1.5, PT                      0      0      0      32768  1048576 1048576 32     32     0      0      -      -      -      0       0      0      0       0      0      -      0      0      0      0      0      0      0      0      0      0      0      0      0      0      0      0      0      0      0      0      0      0      0      0      0      0      0      0      0      0      0      0      0      0      0      0      0      0      0      0     
0x7f362f77ae70           FMNMX R0, R0, -3, !PT                                  0      0      0      32768  1048576 1048576 32     32     0      0      -      -      -      0       0      0      0       0      0      -      0      0      0      0      0      0      0      0      0      0      0      0      0      0      0      0      0      0      0      0      0      0      0      0      0      0      0      0      0      0      0      0      0      0      0      0      0      0      0      0     
0x7f362f77ae80           FSETP.GTU.AND P2, PT, R16, 0.5, PT                     0      0      0      32768  1048576 1048576 32     32     0      0      -      -      -      0       0      0      0       0      0      -      0      0      0      0      0      0      0      0      0      0      0      0      0      0      0      0      0      0      0      0      0      0      0      0      0      0      0      0      0      0      0      0      0      0      0      0      0      0      0      0     
0x7f362f77ae90           SEL R27, R27, RZ, P5                                   2      0      2      32768  1048576 1048576 32     32     0      0      -      -      -      0       0      0      0       0      0      -      0      0      0      0      0      0      0      0      0      0      0      0      0      0      0      0      0      0      2      0      0      0      0      0      0      0      0      0      0      0      0      0      0      0      0      0      0      0      0      0     
0x7f362f77aea0           FSETP.GTU.AND P5, PT, R13, 0.5, PT                     0      0      0      32768  1048576 1048576 32     32     0      0      -      -      -      0       0      0      0       0      0      -      0      0      0      0      0      0      0      0      0      0      0      0      0      0      0      0      0      0      0      0      0      0      0      0      0      0      0      0      0      0      0      0      0      0      0      0      0      0      0      0     
0x7f362f77aeb0           SEL R18, R8, 0x1, P1                                   1      0      1      32768  1048576 1048576 32     32     0      0      -      -      -      0       0      0      0       0      0      -      0      0      0      0      0      0      0      0      0      0      0      0      0      0      0      0      0      0      1      0      0      0      0      0      0      0      0      0      0      0      0      0      0      0      0      0      0      0      0      0     
0x7f362f77aec0           FMUL R8, R50, R22                                      0      0      0      32768  1048576 1048576 32     32     0      0      -      -      -      0       0      0      0       0      0      -      0      0      0      0      0      0      0      0      0      0      0      0      0      0      0      0      0      0      0      0      0      0      0      0      0      0      0      0      0      0      0      0      0      0      0      0      0      0      0      0     
0x7f362f77aed0           FSETP.GTU.AND P1, PT, R9, 0.5, PT                      0      0      0      32768  1048576 1048576 32     32     0      0      -      -      -      0       0      0      0       0      0      -      0      0      0      0      0      0      0      0      0      0      0      0      0      0      0      0      0      0      0      0      0      0      0      0      0      0      0      0      0      0      0      0      0      0      0      0      0      0      0      0     
0x7f362f77aee0           IADD3 R42, PT, PT, R27, R42, RZ                        0      0      0      32768  1048576 1048576 32     32     0      0      -      -      -      0       0      0      0       0      0      -      0      0      0      0      0      0      0      0      0      0      0      0      0      0      0      0      0      0      0      0      0      0      0      0      0      0      0      0      0      0      0      0      0      0      0      0      0      0      0      0     
0x7f362f77aef0           SEL R14, R14, RZ, P5                                   0      0      0      32768  1048576 1048576 32     32     0      0      -      -      -      0       0      0      0       0      0      -      0      0      0      0      0      0      0      0      0      0      0      0      0      0      0      0      0      0      0      0      0      0      0      0      0      0      0      0      0      0      0      0      0      0      0      0      0      0      0      0     
0x7f362f77af00           FSETP.GTU.AND P5, PT, R12, 0.5, PT                     0      0      0      32768  1048576 1048576 32     32     0      0      -      -      -      0       0      0      0       0      0      -      0      0      0      0      0      0      0      0      0      0      0      0      0      0      0      0      0      0      0      0      0      0      0      0      0      0      0      0      0      0      0      0      0      0      0      0      0      0      0      0     
0x7f362f77af10           FMNMX R8, R8, -3, !PT                                  2      0      2      32768  1048576 1048576 32     32     0      0      -      -      -      0       0      0      0       0      0      -      0      0      0      0      0      0      0      0      0      0      0      0      0      0      0      0      0      0      2      0      0      0      0      0      0      0      0      0      0      0      0      0      0      0      0      0      0      0      0      0     
0x7f362f77af20           FMNMX R9, R0, 3, PT                                    0      0      0      32768  1048576 1048576 32     32     0      0      -      -      -      0       0      0      0       0      0      -      0      0      0      0      0      0      0      0      0      0      0      0      0      0      0      0      0      0      0      0      0      0      0      0      0      0      0      0      0      0      0      0      0      0      0      0      0      0      0      0     
0x7f362f77af30           FMUL R0, R51, R22                                      1      0      1      32768  1048576 1048576 32     32     0      0      -      -      -      0       0      0      0       0      0      -      0      0      0      0      0      0      0      0      0      0      0      0      0      0      0      0      0      0      1      0      0      0      0      0      0      0      0      0      0      0      0      0      0      0      0      0      0      0      0      0     
0x7f362f77af40           IADD3 R36, PT, PT, R14, R36, RZ                        0      0      0      32768  1048576 1048576 32     32     0      0      -      -      -      0       0      0      0       0      0      -      0      0      0      0      0      0      0      0      0      0      0      0      0      0      0      0      0      0      0      0      0      0      0      0      0      0      0      0      0      0      0      0      0      0      0      0      0      0      0      0     
0x7f362f77af50           SEL R11, R15, RZ, P5                                   1      0      1      32768  1048576 1048576 32     32     0      0      -      -      -      0       0      0      0       0      0      -      0      0      0      0      0      0      0      0      0      0      0      0      0      0      0      0      0      0      1      0      0      0      0      0      0      0      0      0      0      0      0      0      0      0      0      0      0      0      0      0     
0x7f362f77af60           FSETP.GTU.AND P5, PT, R7, 0.5, PT                      0      0      0      32768  1048576 1048576 32     32     0      0      -      -      -      0       0      0      0       0      0      -      0      0      0      0      0      0      0      0      0      0      0      0      0      0      0      0      0      0      0      0      0      0      0      0      0      0      0      0      0      0      0      0      0      0      0      0      0      0      0      0     
0x7f362f77af70           F2I.NTZ R13, R9                                        0      0      0      32768  1048576 1048576 32     32     0      0      -      -      -      0       0      0      0       0      0      -      0      0      0      0      0      0      0      0      0      0      0      0      0      0      0      0      0      0      0      0      0      0      0      0      0      0      0      0      0      0      0      0      0      0      0      0      0      0      0      0     
0x7f362f77af80           FMNMX R7, R0, -3, !PT                                  1      0      1      32768  1048576 1048576 32     32     0      0      -      -      -      0       0      0      0       0      0      -      0      0      0      0      0      0      0      0      0      0      0      0      0      0      0      0      0      0      1      0      0      0      0      0      0      0      0      0      0      0      0      0      0      0      0      0      0      0      0      0     
0x7f362f77af90           FMNMX R0, R8, 3, PT                                    2      0      2      32768  1048576 1048576 32     32     0      0      -      -      -      0       0      0      0       0      0      -      0      0      0      0      0      0      0      0      1      0      0      0      0      0      0      0      0      0      1      0      0      0      0      0      0      0      0      0      0      0      0      0      0      0      0      0      0      0      0      0     
0x7f362f77afa0           FMUL R8, R55, R22                                      1      0      1      32768  1048576 1048576 32     32     0      0      -      -      -      0       0      0      0       0      0      -      0      0      0      0      0      0      0      0      0      0      0      0      0      0      0      0      0      0      1      0      0      0      0      0      0      0      0      0      0      0      0      0      0      0      0      0      0      0      0      0     
0x7f362f77afb0           IADD3 R38, PT, PT, R11, R38, RZ                        1      0      1      32768  1048576 1048576 32     32     0      0      -      -      -      0       0      0      0       0      0      -      0      0      0      0      0      0      0      0      0      0      0      0      0      0      0      0      0      0      1      0      0      0      0      0      0      0      0      0      0      0      0      0      0      0      0      0      0      0      0      0     
0x7f362f77afc0           SEL R26, R26, RZ, P2                                   1      0      1      32768  1048576 1048576 32     32     0      0      -      -      -      0       0      0      0       0      0      -      0      0      0      0      0      0      0      0      0      0      0      0      0      0      0      0      0      0      1      0      0      0      0      0      0      0      0      0      0      0      0      0      0      0      0      0      0      0      0      0     
0x7f362f77afd0           FSETP.GTU.AND P2, PT, R10, 0.5, PT                     1      0      1      32768  1048576 1048576 32     32     0      0      -      -      -      0       0      0      0       0      0      -      0      0      0      0      0      0      0      0      0      0      0      0      0      0      0      0      0      0      1      0      0      0      0      0      0      0      0      0      0      0      0      0      0      0      0      0      0      0      0      0     
0x7f362f77afe0           F2I.NTZ R12, R0                                        0      0      0      32768  1048576 1048576 32     32     0      0      -      -      -      0       0      0      0       0      0      -      0      0      0      0      0      0      0      0      0      0      0      0      0      0      0      0      0      0      0      0      0      0      0      0      0      0      0      0      0      0      0      0      0      0      0      0      0      0      0      0     
0x7f362f77aff0           IADD3 R43, PT, PT, R26, R43, RZ                        4      3      4      32768  1048576 1048576 32     32     0      0      -      -      -      0       0      0      0       0      0      -      0      0      0      0      0      0      0      0      0      0      0      0      0      0      0      0      0      1      0      0      0      0      3      0      0      0      0      0      0      0      0      0      0      0      0      0      0      0      0      3     
0x7f362f77b000           SEL R10, R20, RZ, P2                                   0      0      0      32768  1048576 1048576 32     32     0      0      -      -      -      0       0      0      0       0      0      -      0      0      0      0      0      0      0      0      0      0      0      0      0      0      0      0      0      0      0      0      0      0      0      0      0      0      0      0      0      0      0      0      0      0      0      0      0      0      0      0     
0x7f362f77b010           FSETP.GTU.AND P2, PT, R6, 0.5, PT                      0      0      0      32768  1048576 1048576 32     32     0      0      -      -      -      0       0      0      0       0      0      -      0      0      0      0      0      0      0      0      0      0      0      0      0      0      0      0      0      0      0      0      0      0      0      0      0      0      0      0      0      0      0      0      0      0      0      0      0      0      0      0     
0x7f362f77b020           FMNMX R6, R7, 3, PT                                    0      0      0      32768  1048576 1048576 32     32     0      0      -      -      -      0       0      0      0       0      0      -      0      0      0      0      0      0      0      0      0      0      0      0      0      0      0      0      0      0      0      0      0      0      0      0      0      0      0      0      0      0      0      0      0      0      0      0      0      0      0      0     
0x7f362f77b030           SEL R7, R29, RZ, P1                                    0      0      0      32768  1048576 1048576 32     32     0      0      -      -      -      0       0      0      0       0      0      -      0      0      0      0      0      0      0      0      0      0      0      0      0      0      0      0      0      0      0      0      0      0      0      0      0      0      0      0      0      0      0      0      0      0      0      0      0      0      0      0     
0x7f362f77b040           SEL R9, R24, RZ, P3                                    0      0      0      32768  1048576 1048576 32     32     0      0      -      -      -      0       0      0      0       0      0      -      0      0      0      0      0      0      0      0      0      0      0      0      0      0      0      0      0      0      0      0      0      0      0      0      0      0      0      0      0      0      0      0      0      0      0      0      0      0      0      0     
0x7f362f77b050           IADD3 R39, PT, PT, R10, R39, RZ                        0      0      0      32768  1048576 1048576 32     32     0      0      -      -      -      0       0      0      0       0      0      -      0      0      0      0      0      0      0      0      0      0      0      0      0      0      0      0      0      0      0      0      0      0      0      0      0      0      0      0      0      0      0      0      0      0      0      0      0      0      0      0     
0x7f362f77b060           FMUL R10, R52, R22                                     0      0      0      32768  1048576 1048576 32     32     0      0      -      -      -      0       0      0      0       0      0      -      0      0      0      0      0      0      0      0      0      0      0      0      0      0      0      0      0      0      0      0      0      0      0      0      0      0      0      0      0      0      0      0      0      0      0      0      0      0      0      0     
0x7f362f77b070           IADD3 R24, PT, PT, R32, R47, RZ                        1      0      1      32768  1048576 1048576 32     32     0      0      -      -      -      0       0      0      0       0      0      -      0      0      0      0      0      0      0      0      0      0      0      0      0      0      0      0      0      0      1      0      0      0      0      0      0      0      0      0      0      0      0      0      0      0      0      0      0      0      0      0     
0x7f362f77b080           IADD3 R40, PT, PT, R7, R40, RZ                         3      0      3      32768  1048576 1048576 32     32     0      0      -      -      -      0       0      0      0       0      0      -      0      0      0      0      0      0      0      0      0      0      0      0      1      0      0      0      0      1      1      0      0      0      0      0      0      0      0      0      0      0      0      0      0      0      0      0      0      0      0      0     
0x7f362f77b090           SEL R7, RZ, 0x4, P6                                    0      0      0      32768  1048576 1048576 32     32     0      0      -      -      -      0       0      0      0       0      0      -      0      0      0      0      0      0      0      0      0      0      0      0      0      0      0      0      0      0      0      0      0      0      0      0      0      0      0      0      0      0      0      0      0      0      0      0      0      0      0      0     
0x7f362f77b0a0           FSETP.GTU.AND P3, PT, R2, 0.5, PT                      0      0      0      32768  1048576 1048576 32     32     0      0      -      -      -      0       0      0      0       0      0      -      0      0      0      0      0      0      0      0      0      0      0      0      0      0      0      0      0      0      0      0      0      0      0      0      0      0      0      0      0      0      0      0      0      0      0      0      0      0      0      0     
0x7f362f77b0b0           IADD3 R37, PT, PT, R9, R37, RZ                         3      0      3      32768  1048576 1048576 32     32     0      0      -      -      -      0       0      0      0       0      0      -      0      0      0      0      0      0      0      0      0      0      0      0      0      0      0      0      0      1      2      0      0      0      0      0      0      0      0      0      0      0      0      0      0      0      0      0      0      0      0      0     
0x7f362f77b0c0           FMNMX R0, R8, -3, !PT                                  1      0      1      32768  1048576 1048576 32     32     0      0      -      -      -      0       0      0      0       0      0      -      0      0      0      0      0      0      0      0      0      0      0      0      0      0      0      0      0      0      1      0      0      0      0      0      0      0      0      0      0      0      0      0      0      0      0      0      0      0      0      0     
0x7f362f77b0d0           SEL R8, R21, RZ, P5                                    1      0      1      32768  1048576 1048576 32     32     0      0      -      -      -      0       0      0      0       0      0      -      0      0      0      0      0      0      0      0      0      0      0      0      0      0      0      0      0      0      1      0      0      0      0      0      0      0      0      0      0      0      0      0      0      0      0      0      0      0      0      0     
0x7f362f77b0e0           SEL R9, RZ, 0x4, P0                                    0      0      0      32768  1048576 1048576 32     32     0      0      -      -      -      0       0      0      0       0      0      -      0      0      0      0      0      0      0      0      0      0      0      0      0      0      0      0      0      0      0      0      0      0      0      0      0      0      0      0      0      0      0      0      0      0      0      0      0      0      0      0     
0x7f362f77b0f0           FSETP.GTU.AND P1, PT, R2, 1.5, PT                      1      0      1      32768  1048576 1048576 32     32     0      0      -      -      -      0       0      0      0       0      0      -      0      0      0      0      0      0      0      0      0      0      0      0      0      0      0      0      0      0      1      0      0      0      0      0      0      0      0      0      0      0      0      0      0      0      0      0      0      0      0      0     
0x7f362f77b100           FMUL R2, R57, R22                                      0      0      0      32768  1048576 1048576 32     32     0      0      -      -      -      0       0      0      0       0      0      -      0      0      0      0      0      0      0      0      0      0      0      0      0      0      0      0      0      0      0      0      0      0      0      0      0      0      0      0      0      0      0      0      0      0      0      0      0      0      0      0     
0x7f362f77b110           FMNMX R0, R0, 3, PT                                    1      0      1      32768  1048576 1048576 32     32     0      0      -      -      -      0       0      0      0       0      0      -      0      0      0      0      0      0      0      0      0      0      0      0      0      0      0      0      0      0      1      0      0      0      0      0      0      0      0      0      0      0      0      0      0      0      0      0      0      0      0      0     
0x7f362f77b120           F2I.NTZ R16, R6                                        0      0      0      32768  1048576 1048576 32     32     0      0      -      -      -      0       0      0      0       0      0      -      0      0      0      0      0      0      0      0      0      0      0      0      0      0      0      0      0      0      0      0      0      0      0      0      0      0      0      0      0      0      0      0      0      0      0      0      0      0      0      0     
0x7f362f77b130           IADD3 R31, PT, PT, R8, R7, RZ                          0      0      0      32768  1048576 1048576 32     32     0      0      -      -      -      0       0      0      0       0      0      -      0      0      0      0      0      0      0      0      0      0      0      0      0      0      0      0      0      0      0      0      0      0      0      0      0      0      0      0      0      0      0      0      0      0      0      0      0      0      0      0     
0x7f362f77b140           FMUL R7, R54, R22                                      0      0      0      32768  1048576 1048576 32     32     0      0      -      -      -      0       0      0      0       0      0      -      0      0      0      0      0      0      0      0      0      0      0      0      0      0      0      0      0      0      0      0      0      0      0      0      0      0      0      0      0      0      0      0      0      0      0      0      0      0      0      0     
0x7f362f77b150           FMUL R8, R48, R22                                      2      0      2      32768  1048576 1048576 32     32     0      0      -      -      -      0       0      0      0       0      0      -      0      0      0      0      0      0      0      0      0      0      0      0      0      0      0      0      0      0      2      0      0      0      0      0      0      0      0      0      0      0      0      0      0      0      0      0      0      0      0      0     
0x7f362f77b160           FMNMX R2, R2, -3, !PT                                  0      0      0      32768  1048576 1048576 32     32     0      0      -      -      -      0       0      0      0       0      0      -      0      0      0      0      0      0      0      0      0      0      0      0      0      0      0      0      0      0      0      0      0      0      0      0      0      0      0      0      0      0      0      0      0      0      0      0      0      0      0      0     
0x7f362f77b170           FMNMX R7, R7, -3, !PT                                  3      1      3      32768  1048576 1048576 32     32     0      0      -      -      -      0       0      0      0       0      0      -      0      0      0      0      0      0      0      0      0      0      0      0      0      0      0      0      0      0      1      0      0      0      2      0      0      0      0      0      0      0      0      0      0      0      0      0      0      0      0      1     
0x7f362f77b180           F2I.NTZ R15, R0                                        1      0      1      32768  1048576 1048576 32     32     0      0      -      -      -      0       0      0      0       0      0      -      0      0      0      0      0      0      0      0      0      0      0      0      0      0      0      0      0      0      1      0      0      0      0      0      0      0      0      0      0      0      0      0      0      0      0      0      0      0      0      0     
0x7f362f77b190           FMUL R6, R56, R22                                      1      1      1      32768  1048576 1048576 32     32     0      0      -      -      -      0       0      0      0       0      0      -      0      0      0      0      0      0      0      0      0      0      0      0      0      0      0      0      0      0      0      1      0      0      0      0      0      0      0      0      0      0      0      0      0      0      0      0      1      0      0      0     
0x7f362f77b1a0           FMNMX R0, R2, 3, PT                                    5      3      5      32768  1048576 1048576 32     32     0      0      -      -      -      0       0      0      0       0      0      -      0      0      0      0      0      0      0      0      0      0      0      0      0      0      0      0      0      0      0      5      0      0      0      0      0      0      0      0      0      0      0      0      0      0      0      0      3      0      0      0     
0x7f362f77b1b0           FMNMX R2, R6, -3, !PT                                  2      2      2      32768  1048576 1048576 32     32     0      0      -      -      -      0       0      0      0       0      0      -      0      0      0      0      0      0      0      0      0      0      0      0      0      0      0      0      0      0      0      0      0      0      2      0      0      0      0      0      0      0      0      0      0      0      0      0      0      0      0      2     
0x7f362f77b1c0           FMUL R6, R60, R22                                      0      0      0      32768  1048576 1048576 32     32     0      0      -      -      -      0       0      0      0       0      0      -      0      0      0      0      0      0      0      0      0      0      0      0      0      0      0      0      0      0      0      0      0      0      0      0      0      0      0      0      0      0      0      0      0      0      0      0      0      0      0      0     
0x7f362f77b1d0           F2I.NTZ R14, R0                                        1      0      1      32768  1048576 1048576 32     32     0      0      -      -      -      0       0      0      0       0      0      -      0      0      0      0      0      0      0      0      0      0      0      0      0      0      0      0      0      0      1      0      0      0      0      0      0      0      0      0      0      0      0      0      0      0      0      0      0      0      0      0     
0x7f362f77b1e0           FMNMX R11, R6, -3, !PT                                 5      2      5      32768  1048576 1048576 32     32     0      0      -      -      -      0       0      0      0       0      0      -      0      0      0      0      0      0      0      0      0      0      0      0      0      0      0      0      0      0      3      0      0      0      2      0      0      0      0      0      0      0      0      0      0      0      0      0      0      0      0      2     
0x7f362f77b1f0           SEL R6, R18, RZ, P2                                    0      0      0      32768  1048576 1048576 32     32     0      0      -      -      -      0       0      0      0       0      0      -      0      0      0      0      0      0      0      0      0      0      0      0      0      0      0      0      0      0      0      0      0      0      0      0      0      0      0      0      0      0      0      0      0      0      0      0      0      0      0      0     
0x7f362f77b200           FMNMX R0, R2, 3, PT                                    4      2      4      32768  1048576 1048576 32     32     0      0      -      -      -      0       0      0      0       0      0      -      0      0      0      0      0      0      0      0      0      0      0      0      0      0      0      0      0      0      2      2      0      0      0      0      0      0      0      0      0      0      0      0      0      0      0      0      2      0      0      0     
0x7f362f77b210           SEL R2, RZ, 0x4, P4                                    0      0      0      32768  1048576 1048576 32     32     0      0      -      -      -      0       0      0      0       0      0      -      0      0      0      0      0      0      0      0      0      0      0      0      0      0      0      0      0      0      0      0      0      0      0      0      0      0      0      0      0      0      0      0      0      0      0      0      0      0      0      0     
0x7f362f77b220           F2I.NTZ R17, R0                                        2      0      2      32768  1048576 1048576 32     32     0      0      -      -      -      0       0      0      0       0      0      -      0      0      0      0      0      0      0      0      0      0      0      0      0      0      0      0      0      0      1      0      0      0      1      0      0      0      0      0      0      0      0      0      0      0      0      0      0      0      0      0     
0x7f362f77b230           IADD3 R30, PT, PT, R6, R2, RZ                          1      0      1      32768  1048576 1048576 32     32     0      0      -      -      -      0       0      0      0       0      0      -      0      0      0      0      0      0      0      0      0      0      0      0      0      0      0      0      0      0      0      0      0      0      1      0      0      0      0      0      0      0      0      0      0      0      0      0      0      0      0      0     
0x7f362f77b240           IABS R6, R12                                           2      0      2      32768  1048576 1048576 32     32     0      0      -      -      -      0       0      0      0       0      0      -      0      0      0      0      0      0      0      0      0      0      0      0      0      0      0      0      0      0      2      0      0      0      0      0      0      0      0      0      0      0      0      0      0      0      0      0      0      0      0      0     
0x7f362f77b250           FMNMX R2, R11, 3, PT                                   1      0      1      32768  1048576 1048576 32     32     0      0      -      -      -      0       0      0      0       0      0      -      0      0      0      0      0      0      0      0      0      0      0      0      0      0      0      0      0      0      1      0      0      0      0      0      0      0      0      0      0      0      0      0      0      0      0      0      0      0      0      0     
0x7f362f77b260           F2I.NTZ R11, R2                                        3      1      3      32768  1048576 1048576 32     32     0      0      -      -      -      0       0      0      0       0      0      -      0      0      0      0      0      0      0      0      0      0      0      0      0      0      0      0      0      1      1      0      0      0      1      0      0      0      0      0      0      0      0      0      0      0      0      0      0      0      0      1     
0x7f362f77b270           SEL R0, R34, 0x1, P1                                   3      3      3      32768  1048576 1048576 32     32     0      0      -      -      -      0       0      0      0       0      0      -      0      0      0      0      0      0      0      0      0      0      0      0      0      0      0      0      0      0      0      3      0      0      0      0      0      0      0      0      0      0      0      0      0      0      0      0      3      0      0      0     
0x7f362f77b280           SEL R0, R0, RZ, P3                                     5      5      5      32768  1048576 1048576 32     32     0      0      -      -      -      0       0      0      0       0      0      -      0      0      0      0      0      0      0      0      0      0      0      0      0      0      0      0      0      0      0      0      0      0      5      0      0      0      0      0      0      0      0      0      0      0      0      0      0      0      0      5     
0x7f362f77b290           IADD3 R21, PT, PT, R0, R9, RZ                          2      1      2      32768  1048576 1048576 32     32     0      0      -      -      -      0       0      0      0       0      0      -      0      0      0      0      0      0      0      0      0      0      0      0      0      0      0      0      0      1      0      0      0      0      1      0      0      0      0      0      0      0      0      0      0      0      0      0      0      0      0      1     
0x7f362f77b2a0           FMNMX R0, R10, -3, !PT                                 1      0      1      32768  1048576 1048576 32     32     0      0      -      -      -      0       0      0      0       0      0      -      0      0      0      0      0      0      0      0      0      0      0      0      0      0      0      0      0      0      1      0      0      0      0      0      0      0      0      0      0      0      0      0      0      0      0      0      0      0      0      0     
0x7f362f77b2b0           FMUL R10, R5, R22                                      0      0      0      32768  1048576 1048576 32     32     0      0      -      -      -      0       0      0      0       0      0      -      0      0      0      0      0      0      0      0      0      0      0      0      0      0      0      0      0      0      0      0      0      0      0      0      0      0      0      0      0      0      0      0      0      0      0      0      0      0      0      0     
0x7f362f77b2c0           FMNMX R9, R8, -3, !PT                                  0      0      0      32768  1048576 1048576 32     32     0      0      -      -      -      0       0      0      0       0      0      -      0      0      0      0      0      0      0      0      0      0      0      0      0      0      0      0      0      0      0      0      0      0      0      0      0      0      0      0      0      0      0      0      0      0      0      0      0      0      0      0     
0x7f362f77b2d0           FMNMX R8, R7, 3, PT                                    2      0      2      32768  1048576 1048576 32     32     0      0      -      -      -      0       0      0      0       0      0      -      0      0      0      0      0      0      0      0      0      0      0      0      0      0      0      0      0      0      2      0      0      0      0      0      0      0      0      0      0      0      0      0      0      0      0      0      0      0      0      0     
0x7f362f77b2e0           SHF.R.U32.HI R7, RZ, 0x1f, R12                         1      1      1      32768  1048576 1048576 32     32     0      0      -      -      -      0       0      0      0       0      0      -      0      0      0      0      0      0      0      0      0      0      0      0      1      0      0      0      0      0      0      0      0      0      0      0      0      0      0      0      0      1      0      0      0      0      0      0      0      0      0      0     
0x7f362f77b2f0           FMNMX R2, R0, 3, PT                                    0      0      0      32768  1048576 1048576 32     32     0      0      -      -      -      0       0      0      0       0      0      -      0      0      0      0      0      0      0      0      0      0      0      0      0      0      0      0      0      0      0      0      0      0      0      0      0      0      0      0      0      0      0      0      0      0      0      0      0      0      0      0     
0x7f362f77b300           IABS R0, R13                                           0      0      0      32768  1048576 1048576 32     32     0      0      -      -      -      0       0      0      0       0      0      -      0      0      0      0      0      0      0      0      0      0      0      0      0      0      0      0      0      0      0      0      0      0      0      0      0      0      0      0      0      0      0      0      0      0      0      0      0      0      0      0     
0x7f362f77b310           F2I.NTZ R12, R8                                        1      0      1      32768  1048576 1048576 32     32     0      0      -      -      -      0       0      0      0       0      0      -      0      0      0      0      0      0      0      0      0      0      0      0      0      0      0      0      0      0      1      0      0      0      0      0      0      0      0      0      0      0      0      0      0      0      0      0      0      0      0      0     
0x7f362f77b320           LOP3.LUT R0, R0, 0x3, RZ, 0xc0, !PT                    3      2      3      32768  1048576 1048576 32     32     0      0      -      -      -      0       0      0      0       0      0      -      0      0      0      0      0      0      0      0      0      0      0      0      0      0      0      0      0      0      1      0      0      0      2      0      0      0      0      0      0      0      0      0      0      0      0      0      0      0      0      2     
0x7f362f77b330           F2I.NTZ R18, R2                                        0      0      0      32768  1048576 1048576 32     32     0      0      -      -      -      0       0      0      0       0      0      -      0      0      0      0      0      0      0      0      0      0      0      0      0      0      0      0      0      0      0      0      0      0      0      0      0      0      0      0      0      0      0      0      0      0      0      0      0      0      0      0     
0x7f362f77b340           FMUL R8, R33, R22                                      6      5      6      32768  1048576 1048576 32     32     0      0      -      -      -      0       0      0      0       0      0      -      0      0      0      0      0      0      0      0      0      0      0      0      0      0      0      0      0      0      1      5      0      0      0      0      0      0      0      0      0      0      0      0      0      0      0      0      5      0      0      0     
0x7f362f77b350           MOV R2, R6                                             5      4      5      32768  1048576 1048576 32     32     0      0      -      -      -      0       0      0      0       0      0      -      0      0      0      0      0      0      0      0      0      0      0      0      0      0      0      0      0      0      0      5      0      0      0      0      0      0      0      0      0      0      0      0      0      0      0      0      4      0      0      0     
0x7f362f77b360           SHF.R.U32.HI R6, RZ, 0x1f, R13                         0      0      0      32768  1048576 1048576 32     32     0      0      -      -      -      0       0      0      0       0      0      -      0      0      0      0      0      0      0      0      0      0      0      0      0      0      0      0      0      0      0      0      0      0      0      0      0      0      0      0      0      0      0      0      0      0      0      0      0      0      0      0     
0x7f362f77b370           LOP3.LUT R2, R2, 0x3, RZ, 0xc0, !PT                    2      2      2      32768  1048576 1048576 32     32     0      0      -      -      -      0       0      0      0       0      0      -      0      0      0      0      0      0      0      0      0      0      0      0      1      0      0      0      0      0      0      0      0      0      1      0      0      0      0      0      0      1      0      0      0      0      0      0      0      0      0      1     
0x7f362f77b380           IMAD R29, R6, 0x4, R0                                  0      0      0      32768  1048576 1048576 32     32     0      0      -      -      -      0       0      0      0       0      0      -      0      0      0      0      0      0      0      0      0      0      0      0      0      0      0      0      0      0      0      0      0      0      0      0      0      0      0      0      0      0      0      0      0      0      0      0      0      0      0      0     
0x7f362f77b390           IABS R0, R16                                           0      0      0      32768  1048576 1048576 32     32     0      0      -      -      -      0       0      0      0       0      0      -      0      0      0      0      0      0      0      0      0      0      0      0      0      0      0      0      0      0      0      0      0      0      0      0      0      0      0      0      0      0      0      0      0      0      0      0      0      0      0      0     
0x7f362f77b3a0           FMNMX R6, R10, -3, !PT                                 0      0      0      32768  1048576 1048576 32     32     0      0      -      -      -      0       0      0      0       0      0      -      0      0      0      0      0      0      0      0      0      0      0      0      0      0      0      0      0      0      0      0      0      0      0      0      0      0      0      0      0      0      0      0      0      0      0      0      0      0      0      0     
0x7f362f77b3b0           FMUL R10, R4, R22                                      0      0      0      32768  1048576 1048576 32     32     0      0      -      -      -      0       0      0      0       0      0      -      0      0      0      0      0      0      0      0      0      0      0      0      0      0      0      0      0      0      0      0      0      0      0      0      0      0      0      0      0      0      0      0      0      0      0      0      0      0      0      0     
0x7f362f77b3c0           IMAD R23, R7, 0x4, R2                                  1      0      1      32768  1048576 1048576 32     32     0      0      -      -      -      0       0      0      0       0      0      -      0      0      0      0      0      0      0      0      0      0      0      0      0      0      0      0      0      0      1      0      0      0      0      0      0      0      0      0      0      0      0      0      0      0      0      0      0      0      0      0     
0x7f362f77b3d0           FMNMX R2, R9, 3, PT                                    0      0      0      32768  1048576 1048576 32     32     0      0      -      -      -      0       0      0      0       0      0      -      0      0      0      0      0      0      0      0      0      0      0      0      0      0      0      0      0      0      0      0      0      0      0      0      0      0      0      0      0      0      0      0      0      0      0      0      0      0      0      0     
0x7f362f77b3e0           FMNMX R7, R8, -3, !PT                                  1      0      1      32768  1048576 1048576 32     32     0      0      -      -      -      0       0      0      0       0      0      -      0      0      0      0      0      0      0      0      0      0      0      0      0      0      0      0      0      0      1      0      0      0      0      0      0      0      0      0      0      0      0      0      0      0      0      0      0      0      0      0     
0x7f362f77b3f0           SHF.R.U32.HI R8, RZ, 0x1f, R16                         2      0      2      32768  1048576 1048576 32     32     0      0      -      -      -      0       0      0      0       0      0      -      0      0      0      0      0      0      0      0      0      0      0      0      0      0      0      0      0      0      2      0      0      0      0      0      0      0      0      0      0      0      0      0      0      0      0      0      0      0      0      0     
0x7f362f77b400           F2I.NTZ R19, R2                                        2      0      2      32768  1048576 1048576 32     32     0      0      -      -      -      0       0      0      0       0      0      -      0      0      0      0      0      0      0      0      0      0      0      0      0      0      0      0      0      0      1      0      0      0      1      0      0      0      0      0      0      0      0      0      0      0      0      0      0      0      0      0     
0x7f362f77b410           FMNMX R6, R6, 3, PT                                    2      0      2      32768  1048576 1048576 32     32     0      0      -      -      -      0       0      0      0       0      0      -      0      0      0      0      0      0      0      0      0      0      0      0      0      0      0      0      0      0      2      0      0      0      0      0      0      0      0      0      0      0      0      0      0      0      0      0      0      0      0      0     
0x7f362f77b420           FMNMX R9, R7, 3, PT                                    0      0      0      32768  1048576 1048576 32     32     0      0      -      -      -      0       0      0      0       0      0      -      0      0      0      0      0      0      0      0      0      0      0      0      0      0      0      0      0      0      0      0      0      0      0      0      0      0      0      0      0      0      0      0      0      0      0      0      0      0      0      0     
0x7f362f77b430           SHF.R.U32.HI R7, RZ, 0x1f, R15                         1      1      1      32768  1048576 1048576 32     32     0      0      -      -      -      0       0      0      0       0      0      -      0      0      0      0      0      0      0      0      0      0      0      0      1      0      0      0      0      0      0      0      0      0      0      0      0      0      0      0      0      1      0      0      0      0      0      0      0      0      0      0     
0x7f362f77b440           F2I.NTZ R16, R6                                        0      0      0      32768  1048576 1048576 32     32     0      0      -      -      -      0       0      0      0       0      0      -      0      0      0      0      0      0      0      0      0      0      0      0      0      0      0      0      0      0      0      0      0      0      0      0      0      0      0      0      0      0      0      0      0      0      0      0      0      0      0      0     
0x7f362f77b450           IABS R2, R15                                           3      2      3      32768  1048576 1048576 32     32     0      0      -      -      -      0       0      0      0       0      0      -      0      0      0      0      0      0      0      0      0      0      0      0      0      0      0      0      0      1      0      2      0      0      0      0      0      0      0      0      0      0      0      0      0      0      0      0      2      0      0      0     
0x7f362f77b460           F2I.NTZ R15, R9                                        0      0      0      32768  1048576 1048576 32     32     0      0      -      -      -      0       0      0      0       0      0      -      0      0      0      0      0      0      0      0      0      0      0      0      0      0      0      0      0      0      0      0      0      0      0      0      0      0      0      0      0      0      0      0      0      0      0      0      0      0      0      0     
0x7f362f77b470           LOP3.LUT R6, R0, 0x3, RZ, 0xc0, !PT                    3      2      3      32768  1048576 1048576 32     32     0      0      -      -      -      0       0      0      0       0      0      -      0      0      0      0      0      0      0      0      0      0      0      0      0      0      0      0      0      0      1      2      0      0      0      0      0      0      0      0      0      0      0      0      0      0      0      0      2      0      0      0     
0x7f362f77b480           LOP3.LUT R0, R2, 0x3, RZ, 0xc0, !PT                    2      2      2      32768  1048576 1048576 32     32     0      0      -      -      -      0       0      0      0       0      0      -      0      0      0      0      0      0      0      0      0      0      0      0      0      0      0      0      0      0      0      0      0      0      2      0      0      0      0      0      0      0      0      0      0      0      0      0      0      0      0      2     
0x7f362f77b490           IABS R2, R14                                           2      0      2      32768  1048576 1048576 32     32     0      0      -      -      -      0       0      0      0       0      0      -      0      0      0      0      0      0      0      0      0      0      0      0      0      0      0      0      0      0      2      0      0      0      0      0      0      0      0      0      0      0      0      0      0      0      0      0      0      0      0      0     
0x7f362f77b4a0           IMAD R34, R8, 0x4, R6                                  1      0      1      32768  1048576 1048576 32     32     0      0      -      -      -      0       0      0      0       0      0      -      0      0      0      0      0      0      0      0      0      0      0      0      0      0      0      0      0      0      1      0      0      0      0      0      0      0      0      0      0      0      0      0      0      0      0      0      0      0      0      0     
0x7f362f77b4b0           FMNMX R6, R10, -3, !PT                                 0      0      0      32768  1048576 1048576 32     32     0      0      -      -      -      0       0      0      0       0      0      -      0      0      0      0      0      0      0      0      0      0      0      0      0      0      0      0      0      0      0      0      0      0      0      0      0      0      0      0      0      0      0      0      0      0      0      0      0      0      0      0     
0x7f362f77b4c0           IMAD R28, R7, 0x4, R0                                  1      0      1      32768  1048576 1048576 32     32     0      0      -      -      -      0       0      0      0       0      0      -      0      0      0      0      0      0      0      0      0      0      0      0      0      0      0      0      0      0      1      0      0      0      0      0      0      0      0      0      0      0      0      0      0      0      0      0      0      0      0      0     
0x7f362f77b4d0           FMUL R10, R61, R22                                     0      0      0      32768  1048576 1048576 32     32     0      0      -      -      -      0       0      0      0       0      0      -      0      0      0      0      0      0      0      0      0      0      0      0      0      0      0      0      0      0      0      0      0      0      0      0      0      0      0      0      0      0      0      0      0      0      0      0      0      0      0      0     
0x7f362f77b4e0           FMUL R9, R58, R22                                      1      0      1      32768  1048576 1048576 32     32     0      0      -      -      -      0       0      0      0       0      0      -      0      0      0      0      0      0      0      0      0      0      0      0      0      0      0      0      0      0      1      0      0      0      0      0      0      0      0      0      0      0      0      0      0      0      0      0      0      0      0      0     
0x7f362f77b4f0           MOV R0, R2                                             0      0      0      32768  1048576 1048576 32     32     0      0      -      -      -      0       0      0      0       0      0      -      0      0      0      0      0      0      0      0      0      0      0      0      0      0      0      0      0      0      0      0      0      0      0      0      0      0      0      0      0      0      0      0      0      0      0      0      0      0      0      0     
0x7f362f77b500           IABS R2, R17                                           1      0      1      32768  1048576 1048576 32     32     0      0      -      -      -      0       0      0      0       0      0      -      0      0      0      0      0      0      0      0      0      0      0      0      1      0      0      0      0      0      0      0      0      0      0      0      0      0      0      0      0      0      0      0      0      0      0      0      0      0      0      0     
0x7f362f77b510           FMNMX R7, R6, 3, PT                                    0      0      0      32768  1048576 1048576 32     32     0      0      -      -      -      0       0      0      0       0      0      -      0      0      0      0      0      0      0      0      0      0      0      0      0      0      0      0      0      0      0      0      0      0      0      0      0      0      0      0      0      0      0      0      0      0      0      0      0      0      0      0     
0x7f362f77b520           SHF.R.U32.HI R6, RZ, 0x1f, R14                         0      0      0      32768  1048576 1048576 32     32     0      0      -      -      -      0       0      0      0       0      0      -      0      0      0      0      0      0      0      0      0      0      0      0      0      0      0      0      0      0      0      0      0      0      0      0      0      0      0      0      0      0      0      0      0      0      0      0      0      0      0      0     
0x7f362f77b530           LOP3.LUT R0, R0, 0x3, RZ, 0xc0, !PT                    1      0      1      32768  1048576 1048576 32     32     0      0      -      -      -      0       0      0      0       0      0      -      0      0      0      0      0      0      0      0      0      0      0      0      0      0      0      0      0      0      1      0      0      0      0      0      0      0      0      0      0      0      0      0      0      0      0      0      0      0      0      0     
0x7f362f77b540           F2I.NTZ R20, R7                                        1      0      1      32768  1048576 1048576 32     32     0      0      -      -      -      0       0      0      0       0      0      -      0      0      0      0      0      0      0      0      0      0      0      0      0      0      0      0      0      0      1      0      0      0      0      0      0      0      0      0      0      0      0      0      0      0      0      0      0      0      0      0     
0x7f362f77b550           IMAD R27, R6, 0x4, R0                                  1      0      1      32768  1048576 1048576 32     32     0      0      -      -      -      0       0      0      0       0      0      -      0      0      0      0      0      0      0      0      0      0      0      0      0      0      0      0      0      0      1      0      0      0      0      0      0      0      0      0      0      0      0      0      0      0      0      0      0      0      0      0     
0x7f362f77b560           IABS R6, R12                                           1      0      1      32768  1048576 1048576 32     32     0      0      -      -      -      0       0      0      0       0      0      -      0      0      0      0      0      0      0      0      0      0      0      0      0      0      0      0      0      0      1      0      0      0      0      0      0      0      0      0      0      0      0      0      0      0      0      0      0      0      0      0     
0x7f362f77b570           MOV R0, R2                                             0      0      0      32768  1048576 1048576 32     32     0      0      -      -      -      0       0      0      0       0      0      -      0      0      0      0      0      0      0      0      0      0      0      0      0      0      0      0      0      0      0      0      0      0      0      0      0      0      0      0      0      0      0      0      0      0      0      0      0      0      0      0     
0x7f362f77b580           LOP3.LUT R6, R6, 0x3, RZ, 0xc0, !PT                    3      2      3      32768  1048576 1048576 32     32     0      0      -      -      -      0       0      0      0       0      0      -      0      0      0      0      0      0      0      0      0      0      0      0      0      0      0      0      0      1      0      0      0      0      2      0      0      0      0      0      0      0      0      0      0      0      0      0      0      0      0      2     
0x7f362f77b590           LOP3.LUT R0, R0, 0x3, RZ, 0xc0, !PT                    2      1      2      32768  1048576 1048576 32     32     0      0      -      -      -      0       0      0      0       0      0      -      0      0      0      0      0      0      0      0      0      0      0      0      0      0      0      0      0      0      1      0      0      0      1      0      0      0      0      0      0      0      0      0      0      0      0      0      0      0      0      1     
0x7f362f77b5a0           SHF.R.U32.HI R7, RZ, 0x1f, R17                         0      0      0      32768  1048576 1048576 32     32     0      0      -      -      -      0       0      0      0       0      0      -      0      0      0      0      0      0      0      0      0      0      0      0      0      0      0      0      0      0      0      0      0      0      0      0      0      0      0      0      0      0      0      0      0      0      0      0      0      0      0      0     
0x7f362f77b5b0           IMAD R26, R7, 0x4, R0                                  2      1      2      32768  1048576 1048576 32     32     0      0      -      -      -      0       0      0      0       0      0      -      0      0      0      0      0      0      0      0      0      0      0      0      0      0      0      0      0      0      1      0      0      0      1      0      0      0      0      0      0      0      0      0      0      0      0      0      0      0      0      1     
0x7f362f77b5c0           SHF.R.U32.HI R7, RZ, 0x1f, R11                         1      0      1      32768  1048576 1048576 32     32     0      0      -      -      -      0       0      0      0       0      0      -      0      0      0      0      0      0      0      0      0      0      0      0      0      0      0      0      0      0      1      0      0      0      0      0      0      0      0      0      0      0      0      0      0      0      0      0      0      0      0      0     
0x7f362f77b5d0           FMUL R8, R59, R22                                      816    752    816    32768  1048576 1048576 32     32     0      0      -      -      -      0       0      0      0       0      0      -      0      0      0      0      0      0      0      0      0      0      0      813    0      0      0      0      0      0      3      0      0      0      0      0      0      0      0      0      752    0      0      0      0      0      0      0      0      0      0      0     
0x7f362f77b5e0           FMNMX R8, R8, -3, !PT                                  2      1      2      32768  1048576 1048576 32     32     0      0      -      -      -      0       0      0      0       0      0      -      0      0      0      0      0      0      0      0      0      0      0      0      0      0      0      0      0      1      0      0      0      0      1      0      0      0      0      0      0      0      0      0      0      0      0      0      0      0      0      1     
0x7f362f77b5f0           FMNMX R2, R8, 3, PT                                    3      1      3      32768  1048576 1048576 32     32     0      0      -      -      -      0       0      0      0       0      0      -      0      0      0      0      0      0      0      0      0      0      0      0      0      0      0      0      0      0      1      0      0      0      2      0      0      0      0      0      0      0      0      0      0      0      0      0      0      0      0      1     
0x7f362f77b600           FMNMX R8, R10, -3, !PT                                 1      0      1      32768  1048576 1048576 32     32     0      0      -      -      -      0       0      0      0       0      0      -      0      0      0      0      0      0      0      0      0      0      0      0      0      0      0      0      0      0      1      0      0      0      0      0      0      0      0      0      0      0      0      0      0      0      0      0      0      0      0      0     
0x7f362f77b610           FMNMX R10, R9, -3, !PT                                 1      0      1      32768  1048576 1048576 32     32     0      0      -      -      -      0       0      0      0       0      0      -      0      0      0      0      0      0      0      0      0      0      0      0      0      0      0      0      0      0      1      0      0      0      0      0      0      0      0      0      0      0      0      0      0      0      0      0      0      0      0      0     
0x7f362f77b620           SHF.R.U32.HI R9, RZ, 0x1f, R12                         0      0      0      32768  1048576 1048576 32     32     0      0      -      -      -      0       0      0      0       0      0      -      0      0      0      0      0      0      0      0      0      0      0      0      0      0      0      0      0      0      0      0      0      0      0      0      0      0      0      0      0      0      0      0      0      0      0      0      0      0      0      0     
0x7f362f77b630           F2I.NTZ R17, R2                                        1      0      1      32768  1048576 1048576 32     32     0      0      -      -      -      0       0      0      0       0      0      -      0      0      0      0      0      0      0      0      0      0      0      0      0      0      0      0      0      0      1      0      0      0      0      0      0      0      0      0      0      0      0      0      0      0      0      0      0      0      0      0     
0x7f362f77b640           SHF.R.U32.HI R12, RZ, 0x1f, R19                        0      0      0      32768  1048576 1048576 32     32     0      0      -      -      -      0       0      0      0       0      0      -      0      0      0      0      0      0      0      0      0      0      0      0      0      0      0      0      0      0      0      0      0      0      0      0      0      0      0      0      0      0      0      0      0      0      0      0      0      0      0      0     
0x7f362f77b650           FMNMX R8, R8, 3, PT                                    0      0      0      32768  1048576 1048576 32     32     0      0      -      -      -      0       0      0      0       0      0      -      0      0      0      0      0      0      0      0      0      0      0      0      0      0      0      0      0      0      0      0      0      0      0      0      0      0      0      0      0      0      0      0      0      0      0      0      0      0      0      0     
0x7f362f77b660           IMAD R22, R9, 0x4, R6                                  2      1      2      32768  1048576 1048576 32     32     0      0      -      -      -      0       0      0      0       0      0      -      0      0      0      0      0      0      0      0      0      0      0      0      0      0      0      0      0      0      0      0      0      0      2      0      0      0      0      0      0      0      0      0      0      0      0      0      0      0      0      1     
0x7f362f77b670           IABS R6, R19                                           0      0      0      32768  1048576 1048576 32     32     0      0      -      -      -      0       0      0      0       0      0      -      0      0      0      0      0      0      0      0      0      0      0      0      0      0      0      0      0      0      0      0      0      0      0      0      0      0      0      0      0      0      0      0      0      0      0      0      0      0      0      0     
0x7f362f77b680           SHF.R.U32.HI R9, RZ, 0x1f, R15                         3      1      3      32768  1048576 1048576 32     32     0      0      -      -      -      0       0      0      0       0      0      -      0      0      0      0      0      0      0      0      1      0      0      0      0      0      0      0      0      0      2      0      0      0      0      0      0      1      0      0      0      0      0      0      0      0      0      0      0      0      0      0     
0x7f362f77b690           F2I.NTZ R13, R8                                        0      0      0      32768  1048576 1048576 32     32     0      0      -      -      -      0       0      0      0       0      0      -      0      0      0      0      0      0      0      0      0      0      0      0      0      0      0      0      0      0      0      0      0      0      0      0      0      0      0      0      0      0      0      0      0      0      0      0      0      0      0      0     
0x7f362f77b6a0           IABS R2, R11                                           3      1      3      32768  1048576 1048576 32     32     0      0      -      -      -      0       0      0      0       0      0      -      0      0      0      0      0      0      0      0      0      0      0      0      0      0      0      0      0      2      0      1      0      0      0      0      0      0      0      0      0      0      0      0      0      0      0      0      1      0      0      0     
0x7f362f77b6b0           SHF.R.U32.HI R11, RZ, 0x1f, R16                        2      1      2      32768  1048576 1048576 32     32     0      0      -      -      -      0       0      0      0       0      0      -      0      0      0      0      0      0      0      0      0      0      0      0      0      0      0      0      0      0      1      0      0      0      1      0      0      0      0      0      0      0      0      0      0      0      0      0      0      0      0      1     
0x7f362f77b6c0           MOV R0, R2                                             2      2      2      32768  1048576 1048576 32     32     0      0      -      -      -      0       0      0      0       0      0      -      0      0      0      0      0      0      0      0      0      0      0      0      0      0      0      0      0      0      0      0      0      0      2      0      0      0      0      0      0      0      0      0      0      0      0      0      0      0      0      2     
0x7f362f77b6d0           IABS R2, R18                                           1      0      1      32768  1048576 1048576 32     32     0      0      -      -      -      0       0      0      0       0      0      -      0      0      0      0      0      0      0      0      0      0      0      0      1      0      0      0      0      0      0      0      0      0      0      0      0      0      0      0      0      0      0      0      0      0      0      0      0      0      0      0     
0x7f362f77b6e0           FMNMX R8, R10, 3, PT                                   1      0      1      32768  1048576 1048576 32     32     0      0      -      -      -      0       0      0      0       0      0      -      0      0      0      0      0      0      0      0      0      0      0      0      0      0      0      0      0      0      1      0      0      0      0      0      0      0      0      0      0      0      0      0      0      0      0      0      0      0      0      0     
0x7f362f77b6f0           SHF.R.U32.HI R10, RZ, 0x1f, R18                        0      0      0      32768  1048576 1048576 32     32     0      0      -      -      -      0       0      0      0       0      0      -      0      0      0      0      0      0      0      0      0      0      0      0      0      0      0      0      0      0      0      0      0      0      0      0      0      0      0      0      0      0      0      0      0      0      0      0      0      0      0      0     
0x7f362f77b700           LOP3.LUT R0, R0, 0x3, RZ, 0xc0, !PT                    3      0      3      32768  1048576 1048576 32     32     0      0      -      -      -      0       0      0      0       0      0      -      0      0      0      0      0      0      0      0      0      0      0      0      0      0      0      0      0      0      3      0      0      0      0      0      0      0      0      0      0      0      0      0      0      0      0      0      0      0      0      0     
0x7f362f77b710           F2I.NTZ R14, R8                                        0      0      0      32768  1048576 1048576 32     32     0      0      -      -      -      0       0      0      0       0      0      -      0      0      0      0      0      0      0      0      0      0      0      0      0      0      0      0      0      0      0      0      0      0      0      0      0      0      0      0      0      0      0      0      0      0      0      0      0      0      0      0     
0x7f362f77b720           IMAD R25, R7, 0x4, R0                                  1      1      1      32768  1048576 1048576 32     32     0      0      -      -      -      0       0      0      0       0      0      -      0      0      0      0      0      0      0      0      0      0      0      0      0      0      0      0      0      0      0      0      0      0      1      0      0      0      0      0      0      0      0      0      0      0      0      0      0      0      0      1     
0x7f362f77b730           IABS R7, R15                                           0      0      0      32768  1048576 1048576 32     32     0      0      -      -      -      0       0      0      0       0      0      -      0      0      0      0      0      0      0      0      0      0      0      0      0      0      0      0      0      0      0      0      0      0      0      0      0      0      0      0      0      0      0      0      0      0      0      0      0      0      0      0     
0x7f362f77b740           MOV R0, R2                                             0      0      0      32768  1048576 1048576 32     32     0      0      -      -      -      0       0      0      0       0      0      -      0      0      0      0      0      0      0      0      0      0      0      0      0      0      0      0      0      0      0      0      0      0      0      0      0      0      0      0      0      0      0      0      0      0      0      0      0      0      0      0     
0x7f362f77b750           IABS R2, R16                                           0      0      0      32768  1048576 1048576 32     32     0      0      -      -      -      0       0      0      0       0      0      -      0      0      0      0      0      0      0      0      0      0      0      0      0      0      0      0      0      0      0      0      0      0      0      0      0      0      0      0      0      0      0      0      0      0      0      0      0      0      0      0     
0x7f362f77b760           LOP3.LUT R0, R0, 0x3, RZ, 0xc0, !PT                    2      2      2      32768  1048576 1048576 32     32     0      0      -      -      -      0       0      0      0       0      0      -      0      0      0      0      0      0      0      0      0      0      0      0      1      0      0      0      0      0      0      0      0      0      1      0      0      0      0      0      0      1      0      0      0      0      0      0      0      0      0      1     
0x7f362f77b770           LOP3.LUT R2, R2, 0x3, RZ, 0xc0, !PT                    2      1      2      32768  1048576 1048576 32     32     0      0      -      -      -      0       0      0      0       0      0      -      0      0      0      0      0      0      0      0      0      0      0      0      1      0      0      0      0      1      0      0      0      0      0      0      0      0      0      0      0      1      0      0      0      0      0      0      0      0      0      0     
0x7f362f77b780           MOV R8, R7                                             1      0      1      32768  1048576 1048576 32     32     0      0      -      -      -      0       0      0      0       0      0      -      0      0      0      0      0      0      0      0      0      0      0      0      0      0      0      0      0      0      1      0      0      0      0      0      0      0      0      0      0      0      0      0      0      0      0      0      0      0      0      0     
0x7f362f77b790           LOP3.LUT R7, R6, 0x3, RZ, 0xc0, !PT                    1      0      1      32768  1048576 1048576 32     32     0      0      -      -      -      0       0      0      0       0      0      -      0      0      0      0      0      0      0      0      0      0      0      0      0      0      0      0      0      0      1      0      0      0      0      0      0      0      0      0      0      0      0      0      0      0      0      0      0      0      0      0     
0x7f362f77b7a0           IMAD R19, R10, 0x4, R0                                 0      0      0      32768  1048576 1048576 32     32     0      0      -      -      -      0       0      0      0       0      0      -      0      0      0      0      0      0      0      0      0      0      0      0      0      0      0      0      0      0      0      0      0      0      0      0      0      0      0      0      0      0      0      0      0      0      0      0      0      0      0      0     
0x7f362f77b7b0           IABS R0, R20                                           0      0      0      32768  1048576 1048576 32     32     0      0      -      -      -      0       0      0      0       0      0      -      0      0      0      0      0      0      0      0      0      0      0      0      0      0      0      0      0      0      0      0      0      0      0      0      0      0      0      0      0      0      0      0      0      0      0      0      0      0      0      0     
0x7f362f77b7c0           IMAD R15, R11, 0x4, R2                                 0      0      0      32768  1048576 1048576 32     32     0      0      -      -      -      0       0      0      0       0      0      -      0      0      0      0      0      0      0      0      0      0      0      0      0      0      0      0      0      0      0      0      0      0      0      0      0      0      0      0      0      0      0      0      0      0      0      0      0      0      0      0     
0x7f362f77b7d0           LOP3.LUT R6, R8, 0x3, RZ, 0xc0, !PT                    0      0      0      32768  1048576 1048576 32     32     0      0      -      -      -      0       0      0      0       0      0      -      0      0      0      0      0      0      0      0      0      0      0      0      0      0      0      0      0      0      0      0      0      0      0      0      0      0      0      0      0      0      0      0      0      0      0      0      0      0      0      0     
0x7f362f77b7e0           IMAD R18, R12, 0x4, R7                                 2      0      2      32768  1048576 1048576 32     32     0      0      -      -      -      0       0      0      0       0      0      -      0      0      0      0      0      0      0      0      0      0      0      0      0      0      0      0      0      0      2      0      0      0      0      0      0      0      0      0      0      0      0      0      0      0      0      0      0      0      0      0     
0x7f362f77b7f0           IABS R2, R17                                           0      0      0      32768  1048576 1048576 32     32     0      0      -      -      -      0       0      0      0       0      0      -      0      0      0      0      0      0      0      0      0      0      0      0      0      0      0      0      0      0      0      0      0      0      0      0      0      0      0      0      0      0      0      0      0      0      0      0      0      0      0      0     
0x7f362f77b800           IABS R7, R13                                           3      2      3      32768  1048576 1048576 32     32     0      0      -      -      -      0       0      0      0       0      0      -      0      0      0      0      0      0      0      0      0      0      0      0      0      0      0      0      0      0      1      0      0      0      2      0      0      0      0      0      0      0      0      0      0      0      0      0      0      0      0      2     
0x7f362f77b810           IMAD R16, R9, 0x4, R6                                  1      0      1      32768  1048576 1048576 32     32     0      0      -      -      -      0       0      0      0       0      0      -      0      0      0      0      0      0      0      0      0      0      0      0      0      0      0      0      0      0      1      0      0      0      0      0      0      0      0      0      0      0      0      0      0      0      0      0      0      0      0      0     
0x7f362f77b820           SHF.R.U32.HI R11, RZ, 0x1f, R20                        1      0      1      32768  1048576 1048576 32     32     0      0      -      -      -      0       0      0      0       0      0      -      0      0      0      0      0      0      0      0      0      0      0      0      0      0      0      0      0      0      1      0      0      0      0      0      0      0      0      0      0      0      0      0      0      0      0      0      0      0      0      0     
0x7f362f77b830           IABS R9, R14                                           4      1      4      32768  1048576 1048576 32     32     0      0      -      -      -      0       0      0      0       0      0      -      0      0      0      0      0      0      0      0      0      0      0      0      0      0      0      0      0      1      1      0      0      0      2      0      0      0      0      0      0      0      0      0      0      0      0      0      0      0      0      1     
0x7f362f77b840           LOP3.LUT R8, R0, 0x3, RZ, 0xc0, !PT                    1      1      1      32768  1048576 1048576 32     32     0      0      -      -      -      0       0      0      0       0      0      -      0      0      0      0      0      0      0      0      0      0      0      0      0      0      0      0      0      0      0      0      0      0      1      0      0      0      0      0      0      0      0      0      0      0      0      0      0      0      0      1     
0x7f362f77b850           SHF.R.U32.HI R12, RZ, 0x1f, R17                        2      0      2      32768  1048576 1048576 32     32     0      0      -      -      -      0       0      0      0       0      0      -      0      0      0      0      0      0      0      0      0      0      0      0      0      0      0      0      0      1      1      0      0      0      0      0      0      0      0      0      0      0      0      0      0      0      0      0      0      0      0      0     
0x7f362f77b860           LOP3.LUT R6, R2, 0x3, RZ, 0xc0, !PT                    1      1      1      32768  1048576 1048576 32     32     0      0      -      -      -      0       0      0      0       0      0      -      0      0      0      0      0      0      0      0      0      0      0      0      0      0      0      0      0      0      0      0      0      0      1      0      0      0      0      0      0      0      0      0      0      0      0      0      0      0      0      1     
0x7f362f77b870           IMAD R8, R11, 0x4, R8                                  1      0      1      32768  1048576 1048576 32     32     0      0      -      -      -      0       0      0      0       0      0      -      0      0      0      0      0      0      0      0      0      0      0      0      0      0      0      0      0      0      1      0      0      0      0      0      0      0      0      0      0      0      0      0      0      0      0      0      0      0      0      0     
0x7f362f77b880           SHF.R.U32.HI R13, RZ, 0x1f, R13                        1      0      1      32768  1048576 1048576 32     32     0      0      -      -      -      0       0      0      0       0      0      -      0      0      0      0      0      0      0      0      0      0      0      0      0      0      0      0      0      0      1      0      0      0      0      0      0      0      0      0      0      0      0      0      0      0      0      0      0      0      0      0     
0x7f362f77b890           LOP3.LUT R2, R7, 0x3, RZ, 0xc0, !PT                    1      1      1      32768  1048576 1048576 32     32     0      0      -      -      -      0       0      0      0       0      0      -      0      0      0      0      0      0      0      0      0      0      0      0      0      0      0      0      0      0      0      0      0      0      1      0      0      0      0      0      0      0      0      0      0      0      0      0      0      0      0      1     
0x7f362f77b8a0           IMAD R11, R12, 0x4, R6                                 0      0      0      32768  1048576 1048576 32     32     0      0      -      -      -      0       0      0      0       0      0      -      0      0      0      0      0      0      0      0      0      0      0      0      0      0      0      0      0      0      0      0      0      0      0      0      0      0      0      0      0      0      0      0      0      0      0      0      0      0      0      0     
0x7f362f77b8b0           SHF.R.U32.HI R10, RZ, 0x1f, R14                        0      0      0      32768  1048576 1048576 32     32     0      0      -      -      -      0       0      0      0       0      0      -      0      0      0      0      0      0      0      0      0      0      0      0      0      0      0      0      0      0      0      0      0      0      0      0      0      0      0      0      0      0      0      0      0      0      0      0      0      0      0      0     
0x7f362f77b8c0           LOP3.LUT R0, R9, 0x3, RZ, 0xc0, !PT                    2      0      2      32768  1048576 1048576 32     32     0      0      -      -      -      0       0      0      0       0      0      -      0      0      0      0      0      0      0      0      0      0      0      0      0      0      0      0      0      0      1      0      0      0      1      0      0      0      0      0      0      0      0      0      0      0      0      0      0      0      0      0     
0x7f362f77b8d0           IMAD R9, R13, 0x4, R2                                  0      0      0      32768  1048576 1048576 32     32     0      0      -      -      -      0       0      0      0       0      0      -      0      0      0      0      0      0      0      0      0      0      0      0      0      0      0      0      0      0      0      0      0      0      0      0      0      0      0      0      0      0      0      0      0      0      0      0      0      0      0      0     
0x7f362f77b8e0           PRMT R6, R38, 0x7604, RZ                               1      0      1      32768  1048576 1048576 32     32     0      0      -      -      -      0       0      0      0       0      0      -      0      0      0      0      0      0      0      0      0      0      0      0      0      0      0      0      0      0      1      0      0      0      0      0      0      0      0      0      0      0      0      0      0      0      0      0      0      0      0      0     
0x7f362f77b8f0           PRMT R7, R36, 0x7604, RZ                               2      0      2      32768  1048576 1048576 32     32     0      0      -      -      -      0       0      0      0       0      0      -      0      0      0      0      0      0      0      0      0      0      0      0      0      0      0      0      0      0      2      0      0      0      0      0      0      0      0      0      0      0      0      0      0      0      0      0      0      0      0      0     
0x7f362f77b900           IMAD R10, R10, 0x4, R0                                 0      0      0      32768  1048576 1048576 32     32     0      0      -      -      -      0       0      0      0       0      0      -      0      0      0      0      0      0      0      0      0      0      0      0      0      0      0      0      0      0      0      0      0      0      0      0      0      0      0      0      0      0      0      0      0      0      0      0      0      0      0      0     
0x7f362f77b910           PRMT R2, R39, 0x7604, RZ                               0      0      0      32768  1048576 1048576 32     32     0      0      -      -      -      0       0      0      0       0      0      -      0      0      0      0      0      0      0      0      0      0      0      0      0      0      0      0      0      0      0      0      0      0      0      0      0      0      0      0      0      0      0      0      0      0      0      0      0      0      0      0     
0x7f362f77b920           PRMT R0, R40, 0x7604, RZ                               2      0      2      32768  1048576 1048576 32     32     0      0      -      -      -      0       0      0      0       0      0      -      0      0      0      0      0      0      0      0      0      0      0      0      0      0      0      0      0      0      1      0      0      0      1      0      0      0      0      0      0      0      0      0      0      0      0      0      0      0      0      0     
0x7f362f77b930           LOP3.LUT R24, R6, 0xff, R24, 0xf8, !PT                 3      2      3      32768  1048576 1048576 32     32     0      0      -      -      -      0       0      0      0       0      0      -      0      0      0      0      0      0      0      0      1      0      0      0      0      0      0      0      0      0      1      0      0      0      1      0      0      1      0      0      0      0      0      0      0      0      0      0      0      0      0      1     
0x7f362f77b940           PRMT R6, R37, 0x7604, RZ                               2      1      2      32768  1048576 1048576 32     32     0      0      -      -      -      0       0      0      0       0      0      -      0      0      0      0      0      0      0      0      0      0      0      0      1      0      0      0      0      0      0      0      0      0      1      0      0      0      0      0      0      1      0      0      0      0      0      0      0      0      0      0     
0x7f362f77b950           LOP3.LUT R47, R7, 0xff, R45, 0xf8, !PT                 0      0      0      32768  1048576 1048576 32     32     0      0      -      -      -      0       0      0      0       0      0      -      0      0      0      0      0      0      0      0      0      0      0      0      0      0      0      0      0      0      0      0      0      0      0      0      0      0      0      0      0      0      0      0      0      0      0      0      0      0      0      0     
0x7f362f77b960           LOP3.LUT R36, R2, 0xff, R46, 0xf8, !PT                 1      0      1      32768  1048576 1048576 32     32     0      0      -      -      -      0       0      0      0       0      0      -      0      0      0      0      0      0      0      0      0      0      0      0      0      0      0      0      0      0      1      0      0      0      0      0      0      0      0      0      0      0      0      0      0      0      0      0      0      0      0      0     
0x7f362f77b970           LOP3.LUT R38, R0, 0xff, R44, 0xf8, !PT                 2      0      2      32768  1048576 1048576 32     32     0      0      -      -      -      0       0      0      0       0      0      -      0      0      0      0      0      0      0      0      0      0      0      0      0      0      0      0      0      0      2      0      0      0      0      0      0      0      0      0      0      0      0      0      0      0      0      0      0      0      0      0     
0x7f362f77b980           PRMT R7, R31, 0x7604, RZ                               0      0      0      32768  1048576 1048576 32     32     0      0      -      -      -      0       0      0      0       0      0      -      0      0      0      0      0      0      0      0      0      0      0      0      0      0      0      0      0      0      0      0      0      0      0      0      0      0      0      0      0      0      0      0      0      0      0      0      0      0      0      0     
0x7f362f77b990           PRMT R2, R30, 0x7604, RZ                               0      0      0      32768  1048576 1048576 32     32     0      0      -      -      -      0       0      0      0       0      0      -      0      0      0      0      0      0      0      0      0      0      0      0      0      0      0      0      0      0      0      0      0      0      0      0      0      0      0      0      0      0      0      0      0      0      0      0      0      0      0      0     
0x7f362f77b9a0           PRMT R0, R21, 0x7604, RZ                               1      1      1      32768  1048576 1048576 32     32     0      0      -      -      -      0       0      0      0       0      0      -      0      0      0      0      0      0      0      0      0      0      0      0      0      0      0      0      0      0      0      0      0      0      1      0      0      0      0      0      0      0      0      0      0      0      0      0      0      0      0      1     
0x7f362f77b9b0           LOP3.LUT R21, R6, 0xff, R42, 0xf8, !PT                 1      1      1      32768  1048576 1048576 32     32     0      0      -      -      -      0       0      0      0       0      0      -      0      0      0      0      0      0      0      0      0      0      0      0      0      0      0      0      0      0      0      0      0      0      1      0      0      0      0      0      0      0      0      0      0      0      0      0      0      0      0      1     
0x7f362f77b9c0           FMUL R42, R3, 1.3333333730697631836                    486    441    486    32768  1048576 1048576 32     32     0      0      -      -      -      0       0      0      0       0      0      -      0      0      0      0      0      0      0      0      0      0      0      486    0      0      0      0      0      0      0      0      0      0      0      0      0      0      0      0      441    0      0      0      0      0      0      0      0      0      0      0     
0x7f362f77b9d0           PRMT R6, R22, 0x7604, RZ                               2      0      2      32768  1048576 1048576 32     32     0      0      -      -      -      0       0      0      0       0      0      -      0      0      0      0      0      0      0      0      0      0      0      0      0      0      0      0      0      0      2      0      0      0      0      0      0      0      0      0      0      0      0      0      0      0      0      0      0      0      0      0     
0x7f362f77b9e0           LOP3.LUT R20, R7, 0xff, R43, 0xf8, !PT                 0      0      0      32768  1048576 1048576 32     32     0      0      -      -      -      0       0      0      0       0      0      -      0      0      0      0      0      0      0      0      0      0      0      0      0      0      0      0      0      0      0      0      0      0      0      0      0      0      0      0      0      0      0      0      0      0      0      0      0      0      0      0     
0x7f362f77b9f0           LOP3.LUT R17, R2, 0xff, R41, 0xf8, !PT                 3      2      3      32768  1048576 1048576 32     32     0      0      -      -      -      0       0      0      0       0      0      -      0      0      0      0      0      0      0      0      0      0      0      0      0      0      0      0      0      0      1      0      0      0      2      0      0      0      0      0      0      0      0      0      0      0      0      0      0      0      0      2     
0x7f362f77ba00           LOP3.LUT R46, R0, 0xff, R35, 0xf8, !PT                 1      1      1      32768  1048576 1048576 32     32     0      0      -      -      -      0       0      0      0       0      0      -      0      0      0      0      0      0      0      0      0      0      0      0      0      0      0      0      0      0      0      0      0      0      1      0      0      0      0      0      0      0      0      0      0      0      0      0      0      0      0      1     
0x7f362f77ba10           PRMT R7, R18, 0x7604, RZ                               1      0      1      32768  1048576 1048576 32     32     0      0      -      -      -      0       0      0      0       0      0      -      0      0      0      0      0      0      0      0      0      0      0      0      0      0      0      0      0      0      1      0      0      0      0      0      0      0      0      0      0      0      0      0      0      0      0      0      0      0      0      0     
0x7f362f77ba20           PRMT R2, R15, 0x7604, RZ                               0      0      0      32768  1048576 1048576 32     32     0      0      -      -      -      0       0      0      0       0      0      -      0      0      0      0      0      0      0      0      0      0      0      0      0      0      0      0      0      0      0      0      0      0      0      0      0      0      0      0      0      0      0      0      0      0      0      0      0      0      0      0     
0x7f362f77ba30           PRMT R0, R8, 0x7604, RZ                                0      0      0      32768  1048576 1048576 32     32     0      0      -      -      -      0       0      0      0       0      0      -      0      0      0      0      0      0      0      0      0      0      0      0      0      0      0      0      0      0      0      0      0      0      0      0      0      0      0      0      0      0      0      0      0      0      0      0      0      0      0      0     
0x7f362f77ba40           LOP3.LUT R22, R6, 0xff, R29, 0xf8, !PT                 1      1      1      32768  1048576 1048576 32     32     0      0      -      -      -      0       0      0      0       0      0      -      0      0      0      0      0      0      0      0      0      0      0      0      0      0      0      0      0      0      0      0      0      0      1      0      0      0      0      0      0      0      0      0      0      0      0      0      0      0      0      1     
0x7f362f77ba50           PRMT R6, R16, 0x7604, RZ                               2      2      2      32768  1048576 1048576 32     32     0      0      -      -      -      0       0      0      0       0      0      -      0      0      0      0      0      0      0      0      0      0      0      0      0      0      0      0      0      0      0      0      0      0      2      0      0      0      0      0      0      0      0      0      0      0      0      0      0      0      0      2     
0x7f362f77ba60           LOP3.LUT R23, R7, 0xff, R23, 0xf8, !PT                 0      0      0      32768  1048576 1048576 32     32     0      0      -      -      -      0       0      0      0       0      0      -      0      0      0      0      0      0      0      0      0      0      0      0      0      0      0      0      0      0      0      0      0      0      0      0      0      0      0      0      0      0      0      0      0      0      0      0      0      0      0      0     
0x7f362f77ba70           LOP3.LUT R34, R2, 0xff, R34, 0xf8, !PT                 2      1      2      32768  1048576 1048576 32     32     0      0      -      -      -      0       0      0      0       0      0      -      0      0      0      0      0      0      0      0      0      0      0      0      0      0      0      0      0      0      1      0      0      0      1      0      0      0      0      0      0      0      0      0      0      0      0      0      0      0      0      1     
0x7f362f77ba80           LOP3.LUT R35, R0, 0xff, R19, 0xf8, !PT                 2      1      2      32768  1048576 1048576 32     32     0      0      -      -      -      0       0      0      0       0      0      -      0      0      0      0      0      0      0      0      0      0      0      0      0      0      0      0      0      0      1      0      0      0      1      0      0      0      0      0      0      0      0      0      0      0      0      0      0      0      0      1     
0x7f362f77ba90           PRMT R7, R11, 0x7604, RZ                               2      2      2      32768  1048576 1048576 32     32     0      0      -      -      -      0       0      0      0       0      0      -      0      0      0      0      0      0      0      0      0      0      0      0      0      0      0      0      0      0      0      0      0      0      2      0      0      0      0      0      0      0      0      0      0      0      0      0      0      0      0      2     
0x7f362f77baa0           PRMT R2, R9, 0x7604, RZ                                0      0      0      32768  1048576 1048576 32     32     0      0      -      -      -      0       0      0      0       0      0      -      0      0      0      0      0      0      0      0      0      0      0      0      0      0      0      0      0      0      0      0      0      0      0      0      0      0      0      0      0      0      0      0      0      0      0      0      0      0      0      0     
0x7f362f77bab0           PRMT R0, R10, 0x7604, RZ                               0      0      0      32768  1048576 1048576 32     32     0      0      -      -      -      0       0      0      0       0      0      -      0      0      0      0      0      0      0      0      0      0      0      0      0      0      0      0      0      0      0      0      0      0      0      0      0      0      0      0      0      0      0      0      0      0      0      0      0      0      0      0     
0x7f362f77bac0           LOP3.LUT R16, R6, 0xff, R28, 0xf8, !PT                 0      0      0      32768  1048576 1048576 32     32     0      0      -      -      -      0       0      0      0       0      0      -      0      0      0      0      0      0      0      0      0      0      0      0      0      0      0      0      0      0      0      0      0      0      0      0      0      0      0      0      0      0      0      0      0      0      0      0      0      0      0      0     
0x7f362f77bad0           PRMT R6, R36, 0x7770, RZ                               2      0      2      32768  1048576 1048576 32     32     0      0      -      -      -      0       0      0      0       0      0      -      0      0      0      0      0      0      0      0      0      0      0      0      0      0      0      0      0      0      2      0      0      0      0      0      0      0      0      0      0      0      0      0      0      0      0      0      0      0      0      0     
0x7f362f77bae0           LOP3.LUT R15, R7, 0xff, R27, 0xf8, !PT                 0      0      0      32768  1048576 1048576 32     32     0      0      -      -      -      0       0      0      0       0      0      -      0      0      0      0      0      0      0      0      0      0      0      0      0      0      0      0      0      0      0      0      0      0      0      0      0      0      0      0      0      0      0      0      0      0      0      0      0      0      0      0     
0x7f362f77baf0           LOP3.LUT R14, R2, 0xff, R26, 0xf8, !PT                 1      0      1      32768  1048576 1048576 32     32     0      0      -      -      -      0       0      0      0       0      0      -      0      0      0      0      0      0      0      0      0      0      0      0      0      0      0      0      0      0      1      0      0      0      0      0      0      0      0      0      0      0      0      0      0      0      0      0      0      0      0      0     
0x7f362f77bb00           LOP3.LUT R26, R0, 0xff, R25, 0xf8, !PT                 0      0      0      32768  1048576 1048576 32     32     0      0      -      -      -      0       0      0      0       0      0      -      0      0      0      0      0      0      0      0      0      0      0      0      0      0      0      0      0      0      0      0      0      0      0      0      0      0      0      0      0      0      0      0      0      0      0      0      0      0      0      0     
0x7f362f77bb10           PRMT R7, R47, 0x7770, RZ                               1      0      1      32768  1048576 1048576 32     32     0      0      -      -      -      0       0      0      0       0      0      -      0      0      0      0      0      0      0      0      0      0      0      0      0      0      0      0      0      0      1      0      0      0      0      0      0      0      0      0      0      0      0      0      0      0      0      0      0      0      0      0     
0x7f362f77bb20           PRMT R0, R24, 0x7770, RZ                               0      0      0      32768  1048576 1048576 32     32     0      0      -      -      -      0       0      0      0       0      0      -      0      0      0      0      0      0      0      0      0      0      0      0      0      0      0      0      0      0      0      0      0      0      0      0      0      0      0      0      0      0      0      0      0      0      0      0      0      0      0      0     
0x7f362f77bb30           LOP3.LUT P5, RZ, R6, 0x4, RZ, 0xc0, !PT                1      0      1      32768  1048576 1048576 32     32     0      0      -      -      -      0       0      0      0       0      0      -      0      0      0      0      0      0      0      0      0      0      0      0      0      0      0      0      0      0      1      0      0      0      0      0      0      0      0      0      0      0      0      0      0      0      0      0      0      0      0      0     
0x7f362f77bb40           LOP3.LUT R8, R6, 0x3, RZ, 0xc0, !PT                    0      0      0      32768  1048576 1048576 32     32     0      0      -      -      -      0       0      0      0       0      0      -      0      0      0      0      0      0      0      0      0      0      0      0      0      0      0      0      0      0      0      0      0      0      0      0      0      0      0      0      0      0      0      0      0      0      0      0      0      0      0      0     
0x7f362f77bb50           PRMT R6, R23, 0x7770, RZ                               0      0      0      32768  1048576 1048576 32     32     0      0      -      -      -      0       0      0      0       0      0      -      0      0      0      0      0      0      0      0      0      0      0      0      0      0      0      0      0      0      0      0      0      0      0      0      0      0      0      0      0      0      0      0      0      0      0      0      0      0      0      0     
0x7f362f77bb60           LOP3.LUT P0, RZ, R7, 0x4, RZ, 0xc0, !PT                1      1      1      32768  1048576 1048576 32     32     0      0      -      -      -      0       0      0      0       0      0      -      0      0      0      0      0      0      0      0      0      0      0      0      0      0      0      0      0      0      0      0      0      0      1      0      0      0      0      0      0      0      0      0      0      0      0      0      0      0      0      1     
0x7f362f77bb70           LOP3.LUT R9, R7, 0x3, RZ, 0xc0, !PT                    0      0      0      32768  1048576 1048576 32     32     0      0      -      -      -      0       0      0      0       0      0      -      0      0      0      0      0      0      0      0      0      0      0      0      0      0      0      0      0      0      0      0      0      0      0      0      0      0      0      0      0      0      0      0      0      0      0      0      0      0      0      0     
0x7f362f77bb80           LOP3.LUT P6, RZ, R0, 0x4, RZ, 0xc0, !PT                1      0      1      32768  1048576 1048576 32     32     0      0      -      -      -      0       0      0      0       0      0      -      0      0      0      0      0      0      0      0      0      0      0      0      0      0      0      0      0      0      1      0      0      0      0      0      0      0      0      0      0      0      0      0      0      0      0      0      0      0      0      0     
0x7f362f77bb90           LOP3.LUT R7, R0, 0x3, RZ, 0xc0, !PT                    2      1      2      32768  1048576 1048576 32     32     0      0      -      -      -      0       0      0      0       0      0      -      0      0      0      0      0      0      0      0      0      0      0      0      0      0      0      0      0      0      1      0      0      0      1      0      0      0      0      0      0      0      0      0      0      0      0      0      0      0      0      1     
0x7f362f77bba0           PRMT R0, R22, 0x7770, RZ                               1      0      1      32768  1048576 1048576 32     32     0      0      -      -      -      0       0      0      0       0      0      -      0      0      0      0      0      0      0      0      0      0      0      0      0      0      0      0      0      0      1      0      0      0      0      0      0      0      0      0      0      0      0      0      0      0      0      0      0      0      0      0     
0x7f362f77bbb0           LOP3.LUT P2, RZ, R6, 0x4, RZ, 0xc0, !PT                0      0      0      32768  1048576 1048576 32     32     0      0      -      -      -      0       0      0      0       0      0      -      0      0      0      0      0      0      0      0      0      0      0      0      0      0      0      0      0      0      0      0      0      0      0      0      0      0      0      0      0      0      0      0      0      0      0      0      0      0      0      0     
0x7f362f77bbc0           LOP3.LUT P1, RZ, R0, 0x4, RZ, 0xc0, !PT                0      0      0      32768  1048576 1048576 32     32     0      0      -      -      -      0       0      0      0       0      0      -      0      0      0      0      0      0      0      0      0      0      0      0      0      0      0      0      0      0      0      0      0      0      0      0      0      0      0      0      0      0      0      0      0      0      0      0      0      0      0      0     
0x7f362f77bbd0           I2FP.F32.U32 R12, R9                                   1      1      1      32768  1048576 1048576 32     32     0      0      -      -      -      0       0      0      0       0      0      -      0      0      0      0      0      0      0      0      0      0      0      0      0      0      0      0      0      0      0      0      0      0      1      0      0      0      0      0      0      0      0      0      0      0      0      0      0      0      0      1     
0x7f362f77bbe0           LOP3.LUT R6, R6, 0x3, RZ, 0xc0, !PT                    0      0      0      32768  1048576 1048576 32     32     0      0      -      -      -      0       0      0      0       0      0      -      0      0      0      0      0      0      0      0      0      0      0      0      0      0      0      0      0      0      0      0      0      0      0      0      0      0      0      0      0      0      0      0      0      0      0      0      0      0      0      0     
0x7f362f77bbf0           PRMT R2, R38, 0x7770, RZ                               1      0      1      32768  1048576 1048576 32     32     0      0      -      -      -      0       0      0      0       0      0      -      0      0      0      0      0      0      0      0      0      0      0      0      0      0      0      0      0      0      1      0      0      0      0      0      0      0      0      0      0      0      0      0      0      0      0      0      0      0      0      0     
0x7f362f77bc00           I2FP.F32.U32 R10, R7                                   0      0      0      32768  1048576 1048576 32     32     0      0      -      -      -      0       0      0      0       0      0      -      0      0      0      0      0      0      0      0      0      0      0      0      0      0      0      0      0      0      0      0      0      0      0      0      0      0      0      0      0      0      0      0      0      0      0      0      0      0      0      0     
0x7f362f77bc10           LOP3.LUT R0, R0, 0x3, RZ, 0xc0, !PT                    1      0      1      32768  1048576 1048576 32     32     0      0      -      -      -      0       0      0      0       0      0      -      0      0      0      0      0      0      0      0      0      0      0      0      0      0      0      0      0      0      1      0      0      0      0      0      0      0      0      0      0      0      0      0      0      0      0      0      0      0      0      0     
0x7f362f77bc20           LOP3.LUT P4, RZ, R2, 0x4, RZ, 0xc0, !PT                0      0      0      32768  1048576 1048576 32     32     0      0      -      -      -      0       0      0      0       0      0      -      0      0      0      0      0      0      0      0      0      0      0      0      0      0      0      0      0      0      0      0      0      0      0      0      0      0      0      0      0      0      0      0      0      0      0      0      0      0      0      0     
0x7f362f77bc30           I2FP.F32.U32 R11, R8                                   0      0      0      32768  1048576 1048576 32     32     0      0      -      -      -      0       0      0      0       0      0      -      0      0      0      0      0      0      0      0      0      0      0      0      0      0      0      0      0      0      0      0      0      0      0      0      0      0      0      0      0      0      0      0      0      0      0      0      0      0      0      0     
0x7f362f77bc40           PRMT R30, R16, 0x5410, R22                             1      0      1      32768  1048576 1048576 32     32     0      0      -      -      -      0       0      0      0       0      0      -      0      0      0      0      0      0      0      0      0      0      0      0      0      0      0      0      0      0      1      0      0      0      0      0      0      0      0      0      0      0      0      0      0      0      0      0      0      0      0      0     
0x7f362f77bc50           PRMT R32, R17, 0x5410, R36                             1      1      1      32768  1048576 1048576 32     32     0      0      -      -      -      0       0      0      0       0      0      -      0      0      0      0      0      0      0      0      0      0      0      0      0      0      0      0      0      0      0      0      0      0      1      0      0      0      0      0      0      0      0      0      0      0      0      0      0      0      0      1     
0x7f362f77bc60           PRMT R29, R14, 0x5410, R34                             4      2      4      32768  1048576 1048576 32     32     0      0      -      -      -      0       0      0      0       0      0      -      0      0      0      0      0      0      0      0      0      0      0      0      0      0      0      0      0      0      2      0      0      0      2      0      0      0      0      0      0      0      0      0      0      0      0      0      0      0      0      2     
0x7f362f77bc70           PRMT R31, R20, 0x5410, R24                             1      0      1      32768  1048576 1048576 32     32     0      0      -      -      -      0       0      0      0       0      0      -      0      0      0      0      0      0      0      0      0      0      0      0      0      0      0      0      0      0      1      0      0      0      0      0      0      0      0      0      0      0      0      0      0      0      0      0      0      0      0      0     
0x7f362f77bc80           PRMT R28, R15, 0x5410, R23                             1      0      1      32768  1048576 1048576 32     32     0      0      -      -      -      0       0      0      0       0      0      -      0      0      0      0      0      0      0      0      0      0      0      0      0      0      0      0      0      0      1      0      0      0      0      0      0      0      0      0      0      0      0      0      0      0      0      0      0      0      0      0     
0x7f362f77bc90           PRMT R26, R26, 0x5410, R35                             4      2      4      32768  1048576 1048576 32     32     0      0      -      -      -      0       0      0      0       0      0      -      0      0      0      0      0      0      0      0      0      0      0      0      0      0      0      0      0      0      2      0      0      0      2      0      0      0      0      0      0      0      0      0      0      0      0      0      0      0      0      2     
0x7f362f77bca0           PRMT R27, R46, 0x5410, R38                             0      0      0      32768  1048576 1048576 32     32     0      0      -      -      -      0       0      0      0       0      0      -      0      0      0      0      0      0      0      0      0      0      0      0      0      0      0      0      0      0      0      0      0      0      0      0      0      0      0      0      0      0      0      0      0      0      0      0      0      0      0      0     
0x7f362f77bcb0           MOV R18, R33                                           2      0      2      32768  1048576 1048576 32     32     0      0      -      -      -      0       0      0      0       0      0      -      0      0      0      0      0      0      0      0      0      0      0      0      0      0      0      0      0      0      2      0      0      0      0      0      0      0      0      0      0      0      0      0      0      0      0      0      0      0      0      0     
0x7f362f77bcc0           PRMT R33, R21, 0x5410, R47                             0      0      0      32768  1048576 1048576 32     32     0      0      -      -      -      0       0      0      0       0      0      -      0      0      0      0      0      0      0      0      0      0      0      0      0      0      0      0      0      0      0      0      0      0      0      0      0      0      0      0      0      0      0      0      0      0      0      0      0      0      0      0     
0x7f362f77bcd0           ISETP.NE.U32.AND P3, PT, R9, 0x3, PT                   1      0      1      32768  1048576 1048576 32     32     0      0      -      -      -      0       0      0      0       0      0      -      0      0      0      0      0      0      0      0      0      0      0      0      0      0      0      0      0      0      1      0      0      0      0      0      0      0      0      0      0      0      0      0      0      0      0      0      0      0      0      0     
0x7f362f77bce0           LOP3.LUT R9, R2, 0x3, RZ, 0xc0, !PT                    0      0      0      32768  1048576 1048576 32     32     0      0      -      -      -      0       0      0      0       0      0      -      0      0      0      0      0      0      0      0      0      0      0      0      0      0      0      0      0      0      0      0      0      0      0      0      0      0      0      0      0      0      0      0      0      0      0      0      0      0      0      0     
0x7f362f77bcf0           PRMT R2, R34, 0x7770, RZ                               1      0      1      32768  1048576 1048576 32     32     0      0      -      -      -      0       0      0      0       0      0      -      0      0      0      0      0      0      0      0      0      0      0      0      1      0      0      0      0      0      0      0      0      0      0      0      0      0      0      0      0      0      0      0      0      0      0      0      0      0      0      0     
0x7f362f77bd00           FSEL R12, R12, 4, P3                                   2      2      2      32768  1048576 1048576 32     32     0      0      -      -      -      0       0      0      0       0      0      -      0      0      0      0      0      0      0      0      0      0      0      0      0      0      0      0      0      0      0      0      0      0      2      0      0      0      0      0      0      0      0      0      0      0      0      0      0      0      0      2     
0x7f362f77bd10           ISETP.NE.U32.AND P3, PT, R7, 0x3, PT                   0      0      0      32768  1048576 1048576 32     32     0      0      -      -      -      0       0      0      0       0      0      -      0      0      0      0      0      0      0      0      0      0      0      0      0      0      0      0      0      0      0      0      0      0      0      0      0      0      0      0      0      0      0      0      0      0      0      0      0      0      0      0     
0x7f362f77bd20           PRMT R7, R35, 0x7770, RZ                               0      0      0      32768  1048576 1048576 32     32     0      0      -      -      -      0       0      0      0       0      0      -      0      0      0      0      0      0      0      0      0      0      0      0      0      0      0      0      0      0      0      0      0      0      0      0      0      0      0      0      0      0      0      0      0      0      0      0      0      0      0      0     
0x7f362f77bd30     @P2   IADD3 R6, PT, PT, -R6, RZ, RZ                          0      0      0      32768  1048576 384665  32     11     21     0      -      -      -      0       0      0      0       0      0      -      0      0      0      0      0      0      0      0      0      0      0      0      0      0      0      0      0      0      0      0      0      0      0      0      0      0      0      0      0      0      0      0      0      0      0      0      0      0      0      0     
0x7f362f77bd40     @P1   IADD3 R0, PT, PT, -R0, RZ, RZ                          0      0      0      32768  1048576 384521  32     11     21     0      -      -      -      0       0      0      0       0      0      -      0      0      0      0      0      0      0      0      0      0      0      0      0      0      0      0      0      0      0      0      0      0      0      0      0      0      0      0      0      0      0      0      0      0      0      0      0      0      0      0     
0x7f362f77bd50           LOP3.LUT P2, RZ, R7, 0x4, RZ, 0xc0, !PT                0      0      0      32768  1048576 1048576 32     32     0      0      -      -      -      0       0      0      0       0      0      -      0      0      0      0      0      0      0      0      0      0      0      0      0      0      0      0      0      0      0      0      0      0      0      0      0      0      0      0      0      0      0      0      0      0      0      0      0      0      0      0     
0x7f362f77bd60           FSEL R13, R10, 4, P3                                   1      0      1      32768  1048576 1048576 32     32     0      0      -      -      -      0       0      0      0       0      0      -      0      0      0      0      0      0      0      0      0      0      0      0      0      0      0      0      0      0      1      0      0      0      0      0      0      0      0      0      0      0      0      0      0      0      0      0      0      0      0      0     
0x7f362f77bd70           LOP3.LUT P3, RZ, R2, 0x4, RZ, 0xc0, !PT                0      0      0      32768  1048576 1048576 32     32     0      0      -      -      -      0       0      0      0       0      0      -      0      0      0      0      0      0      0      0      0      0      0      0      0      0      0      0      0      0      0      0      0      0      0      0      0      0      0      0      0      0      0      0      0      0      0      0      0      0      0      0     
0x7f362f77bd80           LOP3.LUT R2, R2, 0x3, RZ, 0xc0, !PT                    0      0      0      32768  1048576 1048576 32     32     0      0      -      -      -      0       0      0      0       0      0      -      0      0      0      0      0      0      0      0      0      0      0      0      0      0      0      0      0      0      0      0      0      0      0      0      0      0      0      0      0      0      0      0      0      0      0      0      0      0      0      0     
0x7f362f77bd90           FSEL R10, -R12, R12, P0                                0      0      0      32768  1048576 1048576 32     32     0      0      -      -      -      0       0      0      0       0      0      -      0      0      0      0      0      0      0      0      0      0      0      0      0      0      0      0      0      0      0      0      0      0      0      0      0      0      0      0      0      0      0      0      0      0      0      0      0      0      0      0     
0x7f362f77bda0           ISETP.NE.U32.AND P1, PT, R8, 0x3, PT                   0      0      0      32768  1048576 1048576 32     32     0      0      -      -      -      0       0      0      0       0      0      -      0      0      0      0      0      0      0      0      0      0      0      0      0      0      0      0      0      0      0      0      0      0      0      0      0      0      0      0      0      0      0      0      0      0      0      0      0      0      0      0     
0x7f362f77bdb0           I2FP.F32.S32 R8, R0                                    0      0      0      32768  1048576 1048576 32     32     0      0      -      -      -      0       0      0      0       0      0      -      0      0      0      0      0      0      0      0      0      0      0      0      0      0      0      0      0      0      0      0      0      0      0      0      0      0      0      0      0      0      0      0      0      0      0      0      0      0      0      0     
0x7f362f77bdc0           LOP3.LUT R0, R7, 0x3, RZ, 0xc0, !PT                    1      1      1      32768  1048576 1048576 32     32     0      0      -      -      -      0       0      0      0       0      0      -      0      0      0      0      0      0      0      0      0      0      0      0      0      0      0      0      0      0      0      0      0      0      1      0      0      0      0      0      0      0      0      0      0      0      0      0      0      0      0      1     
0x7f362f77bdd0           FFMA R37, R10, R3, -R49                                1      0      1      32768  1048576 1048576 32     32     0      0      -      -      -      0       0      0      0       0      0      -      0      0      0      0      0      0      0      0      0      0      0      0      0      0      0      0      0      0      1      0      0      0      0      0      0      0      0      0      0      0      0      0      0      0      0      0      0      0      0      0     
0x7f362f77bde0           FSEL R10, -R13, R13, P6                                0      0      0      32768  1048576 1048576 32     32     0      0      -      -      -      0       0      0      0       0      0      -      0      0      0      0      0      0      0      0      0      0      0      0      0      0      0      0      0      0      0      0      0      0      0      0      0      0      0      0      0      0      0      0      0      0      0      0      0      0      0      0     
0x7f362f77bdf0           FFMA R43, R8, R42, -R49                                0      0      0      32768  1048576 1048576 32     32     0      0      -      -      -      0       0      0      0       0      0      -      0      0      0      0      0      0      0      0      0      0      0      0      0      0      0      0      0      0      0      0      0      0      0      0      0      0      0      0      0      0      0      0      0      0      0      0      0      0      0      0     
0x7f362f77be00           FSEL R7, R11, 4, P1                                    0      0      0      32768  1048576 1048576 32     32     0      0      -      -      -      0       0      0      0       0      0      -      0      0      0      0      0      0      0      0      0      0      0      0      0      0      0      0      0      0      0      0      0      0      0      0      0      0      0      0      0      0      0      0      0      0      0      0      0      0      0      0     
0x7f362f77be10     @P2   IADD3 R0, PT, PT, -R0, RZ, RZ                          0      0      0      32768  1048576 384774  32     11     21     0      -      -      -      0       0      0      0       0      0      -      0      0      0      0      0      0      0      0      0      0      0      0      0      0      0      0      0      0      0      0      0      0      0      0      0      0      0      0      0      0      0      0      0      0      0      0      0      0      0      0     
0x7f362f77be20     @P3   IADD3 R2, PT, PT, -R2, RZ, RZ                          1      1      1      32768  1048576 383520  32     11     21     0      -      -      -      0       0      0      0       0      0      -      0      0      0      0      0      0      0      0      0      0      0      0      0      0      0      0      0      0      0      0      0      0      1      0      0      0      0      0      0      0      0      0      0      0      0      0      0      0      0      1     
0x7f362f77be30           FFMA R25, R10, R3, -R50                                0      0      0      32768  1048576 1048576 32     32     0      0      -      -      -      0       0      0      0       0      0      -      0      0      0      0      0      0      0      0      0      0      0      0      0      0      0      0      0      0      0      0      0      0      0      0      0      0      0      0      0      0      0      0      0      0      0      0      0      0      0      0     
0x7f362f77be40           ISETP.NE.U32.AND P0, PT, R9, 0x3, PT                   0      0      0      32768  1048576 1048576 32     32     0      0      -      -      -      0       0      0      0       0      0      -      0      0      0      0      0      0      0      0      0      0      0      0      0      0      0      0      0      0      0      0      0      0      0      0      0      0      0      0      0      0      0      0      0      0      0      0      0      0      0      0     
0x7f362f77be50           I2FP.F32.U32 R9, R9                                    0      0      0      32768  1048576 1048576 32     32     0      0      -      -      -      0       0      0      0       0      0      -      0      0      0      0      0      0      0      0      0      0      0      0      0      0      0      0      0      0      0      0      0      0      0      0      0      0      0      0      0      0      0      0      0      0      0      0      0      0      0      0     
0x7f362f77be60           I2FP.F32.S32 R0, R0                                    0      0      0      32768  1048576 1048576 32     32     0      0      -      -      -      0       0      0      0       0      0      -      0      0      0      0      0      0      0      0      0      0      0      0      0      0      0      0      0      0      0      0      0      0      0      0      0      0      0      0      0      0      0      0      0      0      0      0      0      0      0      0     
0x7f362f77be70           I2FP.F32.S32 R2, R2                                    0      0      0      32768  1048576 1048576 32     32     0      0      -      -      -      0       0      0      0       0      0      -      0      0      0      0      0      0      0      0      0      0      0      0      0      0      0      0      0      0      0      0      0      0      0      0      0      0      0      0      0      0      0      0      0      0      0      0      0      0      0      0     
0x7f362f77be80           FSEL R7, -R7, R7, P5                                   1      0      1      32768  1048576 1048576 32     32     0      0      -      -      -      0       0      0      0       0      0      -      0      0      0      0      0      0      0      0      0      0      0      0      0      0      0      0      0      0      1      0      0      0      0      0      0      0      0      0      0      0      0      0      0      0      0      0      0      0      0      0     
0x7f362f77be90           FFMA R45, R0, R42, -R52                                2      0      2      32768  1048576 1048576 32     32     0      0      -      -      -      0       0      0      0       0      0      -      0      0      0      0      0      0      0      0      0      0      0      0      0      0      0      0      0      1      1      0      0      0      0      0      0      0      0      0      0      0      0      0      0      0      0      0      0      0      0      0     
0x7f362f77bea0           PRMT R0, R33, 0x7771, RZ                               4      0      4      32768  1048576 1048576 32     32     0      0      -      -      -      0       0      0      0       0      0      -      0      0      0      0      0      0      0      0      0      0      0      0      0      0      0      0      0      0      4      0      0      0      0      0      0      0      0      0      0      0      0      0      0      0      0      0      0      0      0      0     
0x7f362f77beb0           FFMA R44, R2, R42, -R51                                1      0      1      32768  1048576 1048576 32     32     0      0      -      -      -      0       0      0      0       0      0      -      0      0      0      0      0      0      0      0      0      0      0      0      0      0      0      0      0      0      1      0      0      0      0      0      0      0      0      0      0      0      0      0      0      0      0      0      0      0      0      0     
0x7f362f77bec0           FSEL R8, R9, 4, P0                                     0      0      0      32768  1048576 1048576 32     32     0      0      -      -      -      0       0      0      0       0      0      -      0      0      0      0      0      0      0      0      0      0      0      0      0      0      0      0      0      0      0      0      0      0      0      0      0      0      0      0      0      0      0      0      0      0      0      0      0      0      0      0     
0x7f362f77bed0           I2FP.F32.S32 R9, R6                                    1      0      1      32768  1048576 1048576 32     32     0      0      -      -      -      0       0      0      0       0      0      -      0      0      0      0      0      0      0      0      0      0      0      0      0      0      0      0      0      0      1      0      0      0      0      0      0      0      0      0      0      0      0      0      0      0      0      0      0      0      0      0     
0x7f362f77bee0           FFMA R39, R7, R3, -R51                                 0      0      0      32768  1048576 1048576 32     32     0      0      -      -      -      0       0      0      0       0      0      -      0      0      0      0      0      0      0      0      0      0      0      0      0      0      0      0      0      0      0      0      0      0      0      0      0      0      0      0      0      0      0      0      0      0      0      0      0      0      0      0     
0x7f362f77bef0           LOP3.LUT P2, RZ, R0, 0x4, RZ, 0xc0, !PT                1      0      1      32768  1048576 1048576 32     32     0      0      -      -      -      0       0      0      0       0      0      -      0      0      0      0      0      0      0      0      0      0      0      0      0      0      0      0      0      0      1      0      0      0      0      0      0      0      0      0      0      0      0      0      0      0      0      0      0      0      0      0     
0x7f362f77bf00           LOP3.LUT R2, R0, 0x3, RZ, 0xc0, !PT                    0      0      0      32768  1048576 1048576 32     32     0      0      -      -      -      0       0      0      0       0      0      -      0      0      0      0      0      0      0      0      0      0      0      0      0      0      0      0      0      0      0      0      0      0      0      0      0      0      0      0      0      0      0      0      0      0      0      0      0      0      0      0     
0x7f362f77bf10           FFMA R41, R9, R42, -R50                                1      0      1      32768  1048576 1048576 32     32     0      0      -      -      -      0       0      0      0       0      0      -      0      0      0      0      0      0      0      0      0      0      0      0      0      0      0      0      0      0      1      0      0      0      0      0      0      0      0      0      0      0      0      0      0      0      0      0      0      0      0      0     
0x7f362f77bf20           PRMT R0, R30, 0x7771, RZ                               0      0      0      32768  1048576 1048576 32     32     0      0      -      -      -      0       0      0      0       0      0      -      0      0      0      0      0      0      0      0      0      0      0      0      0      0      0      0      0      0      0      0      0      0      0      0      0      0      0      0      0      0      0      0      0      0      0      0      0      0      0      0     
0x7f362f77bf30           PRMT R7, R32, 0x7771, RZ                               0      0      0      32768  1048576 1048576 32     32     0      0      -      -      -      0       0      0      0       0      0      -      0      0      0      0      0      0      0      0      0      0      0      0      0      0      0      0      0      0      0      0      0      0      0      0      0      0      0      0      0      0      0      0      0      0      0      0      0      0      0      0     
0x7f362f77bf40           LOP3.LUT P1, RZ, R0, 0x4, RZ, 0xc0, !PT                1      1      1      32768  1048576 1048576 32     32     0      0      -      -      -      0       0      0      0       0      0      -      0      0      0      0      0      0      0      0      0      0      0      0      0      0      0      0      0      0      0      0      0      0      1      0      0      0      0      0      0      0      0      0      0      0      0      0      0      0      0      1     
0x7f362f77bf50           LOP3.LUT R10, R7, 0x3, RZ, 0xc0, !PT                   2      2      2      32768  1048576 1048576 32     32     0      0      -      -      -      0       0      0      0       0      0      -      0      0      0      0      0      0      0      0      0      0      0      0      0      0      0      0      0      0      0      0      0      0      2      0      0      0      0      0      0      0      0      0      0      0      0      0      0      0      0      2     
0x7f362f77bf60           LOP3.LUT R0, R0, 0x3, RZ, 0xc0, !PT                    0      0      0      32768  1048576 1048576 32     32     0      0      -      -      -      0       0      0      0       0      0      -      0      0      0      0      0      0      0      0      0      0      0      0      0      0      0      0      0      0      0      0      0      0      0      0      0      0      0      0      0      0      0      0      0      0      0      0      0      0      0      0     
0x7f362f77bf70           FSEL R6, -R8, R8, P4                                   0      0      0      32768  1048576 1048576 32     32     0      0      -      -      -      0       0      0      0       0      0      -      0      0      0      0      0      0      0      0      0      0      0      0      0      0      0      0      0      0      0      0      0      0      0      0      0      0      0      0      0      0      0      0      0      0      0      0      0      0      0      0     
0x7f362f77bf80           LOP3.LUT P4, RZ, R7, 0x4, RZ, 0xc0, !PT                0      0      0      32768  1048576 1048576 32     32     0      0      -      -      -      0       0      0      0       0      0      -      0      0      0      0      0      0      0      0      0      0      0      0      0      0      0      0      0      0      0      0      0      0      0      0      0      0      0      0      0      0      0      0      0      0      0      0      0      0      0      0     
0x7f362f77bf90           I2FP.F32.U32 R7, R2                                    1      0      1      32768  1048576 1048576 32     32     0      0      -      -      -      0       0      0      0       0      0      -      0      0      0      0      0      0      0      0      0      0      0      0      0      0      0      0      0      0      1      0      0      0      0      0      0      0      0      0      0      0      0      0      0      0      0      0      0      0      0      0     
0x7f362f77bfa0           PRMT R8, R31, 0x7771, RZ                               0      0      0      32768  1048576 1048576 32     32     0      0      -      -      -      0       0      0      0       0      0      -      0      0      0      0      0      0      0      0      0      0      0      0      0      0      0      0      0      0      0      0      0      0      0      0      0      0      0      0      0      0      0      0      0      0      0      0      0      0      0      0     
0x7f362f77bfb0           FFMA R40, R6, R3, -R52                                 1      0      1      32768  1048576 1048576 32     32     0      0      -      -      -      0       0      0      0       0      0      -      0      0      0      0      0      0      0      0      0      0      0      0      0      0      0      0      0      0      1      0      0      0      0      0      0      0      0      0      0      0      0      0      0      0      0      0      0      0      0      0     
0x7f362f77bfc0           PRMT R6, R33, 0x7770, RZ                               0      0      0      32768  1048576 1048576 32     32     0      0      -      -      -      0       0      0      0       0      0      -      0      0      0      0      0      0      0      0      0      0      0      0      0      0      0      0      0      0      0      0      0      0      0      0      0      0      0      0      0      0      0      0      0      0      0      0      0      0      0      0     
0x7f362f77bfd0           LOP3.LUT P6, RZ, R8, 0x4, RZ, 0xc0, !PT                1      0      1      32768  1048576 1048576 32     32     0      0      -      -      -      0       0      0      0       0      0      -      0      0      0      0      0      0      0      0      0      0      0      0      0      0      0      0      0      0      1      0      0      0      0      0      0      0      0      0      0      0      0      0      0      0      0      0      0      0      0      0     
0x7f362f77bfe0           LOP3.LUT R9, R6, 0x3, RZ, 0xc0, !PT                    1      1      1      32768  1048576 1048576 32     32     0      0      -      -      -      0       0      0      0       0      0      -      0      0      0      0      0      0      0      0      0      0      0      0      0      0      0      0      0      0      0      0      0      0      1      0      0      0      0      0      0      0      0      0      0      0      0      0      0      0      0      1     
0x7f362f77bff0           LOP3.LUT P5, RZ, R6, 0x4, RZ, 0xc0, !PT                1      1      1      32768  1048576 1048576 32     32     0      0      -      -      -      0       0      0      0       0      0      -      0      0      0      0      0      0      0      0      0      0      0      0      0      0      0      0      0      0      0      0      0      0      1      0      0      0      0      0      0      0      0      0      0      0      0      0      0      0      0      1     
0x7f362f77c000           PRMT R6, R28, 0x7771, RZ                               1      1      1      32768  1048576 1048576 32     32     0      0      -      -      -      0       0      0      0       0      0      -      0      0      0      0      0      0      0      0      0      0      0      0      0      0      0      0      0      0      0      0      0      0      1      0      0      0      0      0      0      0      0      0      0      0      0      0      0      0      0      1     
0x7f362f77c010           LOP3.LUT R8, R8, 0x3, RZ, 0xc0, !PT                    1      1      1      32768  1048576 1048576 32     32     0      0      -      -      -      0       0      0      0       0      0      -      0      0      0      0      0      0      0      0      0      0      0      0      0      0      0      0      0      0      0      0      0      0      1      0      0      0      0      0      0      0      0      0      0      0      0      0      0      0      0      1     
0x7f362f77c020           ISETP.NE.U32.AND P3, PT, R9, 0x3, PT                   0      0      0      32768  1048576 1048576 32     32     0      0      -      -      -      0       0      0      0       0      0      -      0      0      0      0      0      0      0      0      0      0      0      0      0      0      0      0      0      0      0      0      0      0      0      0      0      0      0      0      0      0      0      0      0      0      0      0      0      0      0      0     
0x7f362f77c030           I2FP.F32.U32 R9, R9                                    0      0      0      32768  1048576 1048576 32     32     0      0      -      -      -      0       0      0      0       0      0      -      0      0      0      0      0      0      0      0      0      0      0      0      0      0      0      0      0      0      0      0      0      0      0      0      0      0      0      0      0      0      0      0      0      0      0      0      0      0      0      0     
0x7f362f77c040           I2FP.F32.U32 R12, R8                                   0      0      0      32768  1048576 1048576 32     32     0      0      -      -      -      0       0      0      0       0      0      -      0      0      0      0      0      0      0      0      0      0      0      0      0      0      0      0      0      0      0      0      0      0      0      0      0      0      0      0      0      0      0      0      0      0      0      0      0      0      0      0     
0x7f362f77c050           ISETP.NE.U32.AND P0, PT, R2, 0x3, PT                   2      0      2      32768  1048576 1048576 32     32     0      0      -      -      -      0       0      0      0       0      0      -      0      0      0      0      0      0      0      0      0      0      0      0      0      0      0      0      0      0      2      0      0      0      0      0      0      0      0      0      0      0      0      0      0      0      0      0      0      0      0      0     
0x7f362f77c060           PRMT R2, R30, 0x7770, RZ                               1      0      1      32768  1048576 1048576 32     32     0      0      -      -      -      0       0      0      0       0      0      -      0      0      0      0      0      0      0      0      0      0      0      0      0      0      0      0      0      0      1      0      0      0      0      0      0      0      0      0      0      0      0      0      0      0      0      0      0      0      0      0     
0x7f362f77c070           FSEL R13, R9, 4, P3                                    1      0      1      32768  1048576 1048576 32     32     0      0      -      -      -      0       0      0      0       0      0      -      0      0      0      0      0      0      0      0      0      0      0      0      0      0      0      0      0      0      1      0      0      0      0      0      0      0      0      0      0      0      0      0      0      0      0      0      0      0      0      0     
0x7f362f77c080           LOP3.LUT P3, RZ, R6, 0x4, RZ, 0xc0, !PT                0      0      0      32768  1048576 1048576 32     32     0      0      -      -      -      0       0      0      0       0      0      -      0      0      0      0      0      0      0      0      0      0      0      0      0      0      0      0      0      0      0      0      0      0      0      0      0      0      0      0      0      0      0      0      0      0      0      0      0      0      0      0     
0x7f362f77c090           LOP3.LUT R6, R6, 0x3, RZ, 0xc0, !PT                    2      1      2      32768  1048576 1048576 32     32     0      0      -      -      -      0       0      0      0       0      0      -      0      0      0      0      0      0      0      0      0      0      0      0      0      0      0      0      0      1      0      0      0      0      1      0      0      0      0      0      0      0      0      0      0      0      0      0      0      0      0      1     
0x7f362f77c0a0           FSEL R11, R7, 4, P0                                    0      0      0      32768  1048576 1048576 32     32     0      0      -      -      -      0       0      0      0       0      0      -      0      0      0      0      0      0      0      0      0      0      0      0      0      0      0      0      0      0      0      0      0      0      0      0      0      0      0      0      0      0      0      0      0      0      0      0      0      0      0      0     
0x7f362f77c0b0           PRMT R7, R29, 0x7771, RZ                               0      0      0      32768  1048576 1048576 32     32     0      0      -      -      -      0       0      0      0       0      0      -      0      0      0      0      0      0      0      0      0      0      0      0      0      0      0      0      0      0      0      0      0      0      0      0      0      0      0      0      0      0      0      0      0      0      0      0      0      0      0      0     
0x7f362f77c0c0           LOP3.LUT P0, RZ, R2, 0x4, RZ, 0xc0, !PT                0      0      0      32768  1048576 1048576 32     32     0      0      -      -      -      0       0      0      0       0      0      -      0      0      0      0      0      0      0      0      0      0      0      0      0      0      0      0      0      0      0      0      0      0      0      0      0      0      0      0      0      0      0      0      0      0      0      0      0      0      0      0     
0x7f362f77c0d0           LOP3.LUT R2, R2, 0x3, RZ, 0xc0, !PT                    2      1      2      32768  1048576 1048576 32     32     0      0      -      -      -      0       0      0      0       0      0      -      0      0      0      0      0      0      0      0      0      0      0      0      0      0      0      0      0      0      1      0      0      0      1      0      0      0      0      0      0      0      0      0      0      0      0      0      0      0      0      1     
0x7f362f77c0e0           FSEL R9, -R11, R11, P2                                 0      0      0      32768  1048576 1048576 32     32     0      0      -      -      -      0       0      0      0       0      0      -      0      0      0      0      0      0      0      0      0      0      0      0      0      0      0      0      0      0      0      0      0      0      0      0      0      0      0      0      0      0      0      0      0      0      0      0      0      0      0      0     
0x7f362f77c0f0           LOP3.LUT P2, RZ, R7, 0x4, RZ, 0xc0, !PT                0      0      0      32768  1048576 1048576 32     32     0      0      -      -      -      0       0      0      0       0      0      -      0      0      0      0      0      0      0      0      0      0      0      0      0      0      0      0      0      0      0      0      0      0      0      0      0      0      0      0      0      0      0      0      0      0      0      0      0      0      0      0     
0x7f362f77c100     @P3   IADD3 R6, PT, PT, -R6, RZ, RZ                          4      2      4      32768  1048576 383916  32     11     21     0      -      -      -      0       0      0      0       0      0      -      0      0      0      0      0      0      0      0      0      0      0      0      1      0      0      0      0      2      0      0      0      0      1      0      0      0      0      0      0      1      0      0      0      0      0      0      0      0      0      1     
0x7f362f77c110     @P1   IADD3 R0, PT, PT, -R0, RZ, RZ                          3      1      3      32768  1048576 383819  32     11     21     0      -      -      -      0       0      0      0       0      0      -      0      0      0      0      0      0      0      0      0      0      0      0      1      0      0      0      0      1      1      0      0      0      0      0      0      0      0      0      0      1      0      0      0      0      0      0      0      0      0      0     
0x7f362f77c120           FFMA R14, R9, R3, -R18                                 1      0      1      32768  1048576 1048576 32     32     0      0      -      -      -      0       0      0      0       0      0      -      0      0      0      0      0      0      0      0      0      0      0      0      0      0      0      0      0      0      1      0      0      0      0      0      0      0      0      0      0      0      0      0      0      0      0      0      0      0      0      0     
0x7f362f77c130           ISETP.NE.U32.AND P1, PT, R8, 0x3, PT                   0      0      0      32768  1048576 1048576 32     32     0      0      -      -      -      0       0      0      0       0      0      -      0      0      0      0      0      0      0      0      0      0      0      0      0      0      0      0      0      0      0      0      0      0      0      0      0      0      0      0      0      0      0      0      0      0      0      0      0      0      0      0     
0x7f362f77c140           I2FP.F32.U32 R8, R10                                   1      0      1      32768  1048576 1048576 32     32     0      0      -      -      -      0       0      0      0       0      0      -      0      0      0      0      0      0      0      0      0      0      0      0      0      0      0      0      0      0      1      0      0      0      0      0      0      0      0      0      0      0      0      0      0      0      0      0      0      0      0      0     
0x7f362f77c150           I2FP.F32.S32 R0, R0                                    2      1      2      32768  1048576 1048576 32     32     0      0      -      -      -      0       0      0      0       0      0      -      0      0      0      0      0      0      0      0      0      0      0      0      1      0      0      0      0      0      1      0      0      0      0      0      0      0      0      0      0      1      0      0      0      0      0      0      0      0      0      0     
0x7f362f77c160           I2FP.F32.S32 R6, R6                                    1      0      1      32768  1048576 1048576 32     32     0      0      -      -      -      0       0      0      0       0      0      -      0      0      0      0      0      0      0      0      0      0      0      0      0      0      0      0      0      0      1      0      0      0      0      0      0      0      0      0      0      0      0      0      0      0      0      0      0      0      0      0     
0x7f362f77c170           FSEL R9, R12, 4, P1                                    0      0      0      32768  1048576 1048576 32     32     0      0      -      -      -      0       0      0      0       0      0      -      0      0      0      0      0      0      0      0      0      0      0      0      0      0      0      0      0      0      0      0      0      0      0      0      0      0      0      0      0      0      0      0      0      0      0      0      0      0      0      0     
0x7f362f77c180           FFMA R11, R0, R42, -R18                                1      0      1      32768  1048576 1048576 32     32     0      0      -      -      -      0       0      0      0       0      0      -      0      0      0      0      0      0      0      0      0      0      0      0      0      0      0      0      0      0      1      0      0      0      0      0      0      0      0      0      0      0      0      0      0      0      0      0      0      0      0      0     
0x7f362f77c190           LOP3.LUT R0, R7, 0x3, RZ, 0xc0, !PT                    0      0      0      32768  1048576 1048576 32     32     0      0      -      -      -      0       0      0      0       0      0      -      0      0      0      0      0      0      0      0      0      0      0      0      0      0      0      0      0      0      0      0      0      0      0      0      0      0      0      0      0      0      0      0      0      0      0      0      0      0      0      0     
0x7f362f77c1a0           FFMA R19, R6, R42, -R59                                0      0      0      32768  1048576 1048576 32     32     0      0      -      -      -      0       0      0      0       0      0      -      0      0      0      0      0      0      0      0      0      0      0      0      0      0      0      0      0      0      0      0      0      0      0      0      0      0      0      0      0      0      0      0      0      0      0      0      0      0      0      0     
0x7f362f77c1b0           PRMT R6, R29, 0x7770, RZ                               0      0      0      32768  1048576 1048576 32     32     0      0      -      -      -      0       0      0      0       0      0      -      0      0      0      0      0      0      0      0      0      0      0      0      0      0      0      0      0      0      0      0      0      0      0      0      0      0      0      0      0      0      0      0      0      0      0      0      0      0      0      0     
0x7f362f77c1c0           FSEL R9, -R9, R9, P6                                   0      0      0      32768  1048576 1048576 32     32     0      0      -      -      -      0       0      0      0       0      0      -      0      0      0      0      0      0      0      0      0      0      0      0      0      0      0      0      0      0      0      0      0      0      0      0      0      0      0      0      0      0      0      0      0      0      0      0      0      0      0      0     
0x7f362f77c1d0     @P0   IADD3 R2, PT, PT, -R2, RZ, RZ                          0      0      0      32768  1048576 385000  32     11     21     0      -      -      -      0       0      0      0       0      0      -      0      0      0      0      0      0      0      0      0      0      0      0      0      0      0      0      0      0      0      0      0      0      0      0      0      0      0      0      0      0      0      0      0      0      0      0      0      0      0      0     
0x7f362f77c1e0           LOP3.LUT P3, RZ, R6, 0x4, RZ, 0xc0, !PT                3      1      3      32768  1048576 1048576 32     32     0      0      -      -      -      0       0      0      0       0      0      -      0      0      0      0      0      0      0      0      0      0      0      0      0      0      0      0      0      0      1      0      0      0      2      0      0      0      0      0      0      0      0      0      0      0      0      0      0      0      0      1     
0x7f362f77c1f0           ISETP.NE.U32.AND P0, PT, R10, 0x3, PT                  1      0      1      32768  1048576 1048576 32     32     0      0      -      -      -      0       0      0      0       0      0      -      0      0      0      0      0      0      0      0      0      0      0      0      0      0      0      0      0      0      1      0      0      0      0      0      0      0      0      0      0      0      0      0      0      0      0      0      0      0      0      0     
0x7f362f77c200           FFMA R9, R9, R3, -R59                                  1      0      1      32768  1048576 1048576 32     32     0      0      -      -      -      0       0      0      0       0      0      -      0      0      0      0      0      0      0      0      0      0      0      0      0      0      0      0      0      0      1      0      0      0      0      0      0      0      0      0      0      0      0      0      0      0      0      0      0      0      0      0     
0x7f362f77c210           I2FP.F32.S32 R2, R2                                    1      0      1      32768  1048576 1048576 32     32     0      0      -      -      -      0       0      0      0       0      0      -      0      0      0      0      0      0      0      0      0      0      0      0      0      0      0      0      0      0      1      0      0      0      0      0      0      0      0      0      0      0      0      0      0      0      0      0      0      0      0      0     
0x7f362f77c220     @P2   IADD3 R0, PT, PT, -R0, RZ, RZ                          0      0      0      32768  1048576 383691  32     11     21     0      -      -      -      0       0      0      0       0      0      -      0      0      0      0      0      0      0      0      0      0      0      0      0      0      0      0      0      0      0      0      0      0      0      0      0      0      0      0      0      0      0      0      0      0      0      0      0      0      0      0     
0x7f362f77c230           FSEL R7, R8, 4, P0                                     1      0      1      32768  1048576 1048576 32     32     0      0      -      -      -      0       0      0      0       0      0      -      0      0      0      0      0      0      0      0      0      0      0      0      0      0      0      0      0      0      1      0      0      0      0      0      0      0      0      0      0      0      0      0      0      0      0      0      0      0      0      0     
0x7f362f77c240           FSEL R8, -R13, R13, P5                                 0      0      0      32768  1048576 1048576 32     32     0      0      -      -      -      0       0      0      0       0      0      -      0      0      0      0      0      0      0      0      0      0      0      0      0      0      0      0      0      0      0      0      0      0      0      0      0      0      0      0      0      0      0      0      0      0      0      0      0      0      0      0     
0x7f362f77c250           FFMA R12, R2, R42, -R55                                0      0      0      32768  1048576 1048576 32     32     0      0      -      -      -      0       0      0      0       0      0      -      0      0      0      0      0      0      0      0      0      0      0      0      0      0      0      0      0      0      0      0      0      0      0      0      0      0      0      0      0      0      0      0      0      0      0      0      0      0      0      0     
0x7f362f77c260           PRMT R2, R31, 0x7770, RZ                               1      0      1      32768  1048576 1048576 32     32     0      0      -      -      -      0       0      0      0       0      0      -      0      0      0      0      0      0      0      0      0      0      0      0      0      0      0      0      0      0      1      0      0      0      0      0      0      0      0      0      0      0      0      0      0      0      0      0      0      0      0      0     
0x7f362f77c270           I2FP.F32.S32 R0, R0                                    0      0      0      32768  1048576 1048576 32     32     0      0      -      -      -      0       0      0      0       0      0      -      0      0      0      0      0      0      0      0      0      0      0      0      0      0      0      0      0      0      0      0      0      0      0      0      0      0      0      0      0      0      0      0      0      0      0      0      0      0      0      0     
0x7f362f77c280           FFMA R10, R8, R3, -R55                                 0      0      0      32768  1048576 1048576 32     32     0      0      -      -      -      0       0      0      0       0      0      -      0      0      0      0      0      0      0      0      0      0      0      0      0      0      0      0      0      0      0      0      0      0      0      0      0      0      0      0      0      0      0      0      0      0      0      0      0      0      0      0     
0x7f362f77c290           LOP3.LUT P6, RZ, R2, 0x4, RZ, 0xc0, !PT                0      0      0      32768  1048576 1048576 32     32     0      0      -      -      -      0       0      0      0       0      0      -      0      0      0      0      0      0      0      0      0      0      0      0      0      0      0      0      0      0      0      0      0      0      0      0      0      0      0      0      0      0      0      0      0      0      0      0      0      0      0      0     
0x7f362f77c2a0           LOP3.LUT R2, R2, 0x3, RZ, 0xc0, !PT                    0      0      0      32768  1048576 1048576 32     32     0      0      -      -      -      0       0      0      0       0      0      -      0      0      0      0      0      0      0      0      0      0      0      0      0      0      0      0      0      0      0      0      0      0      0      0      0      0      0      0      0      0      0      0      0      0      0      0      0      0      0      0     
0x7f362f77c2b0           FFMA R17, R0, R42, -R61                                0      0      0      32768  1048576 1048576 32     32     0      0      -      -      -      0       0      0      0       0      0      -      0      0      0      0      0      0      0      0      0      0      0      0      0      0      0      0      0      0      0      0      0      0      0      0      0      0      0      0      0      0      0      0      0      0      0      0      0      0      0      0     
0x7f362f77c2c0           PRMT R0, R32, 0x7770, RZ                               0      0      0      32768  1048576 1048576 32     32     0      0      -      -      -      0       0      0      0       0      0      -      0      0      0      0      0      0      0      0      0      0      0      0      0      0      0      0      0      0      0      0      0      0      0      0      0      0      0      0      0      0      0      0      0      0      0      0      0      0      0      0     
0x7f362f77c2d0           I2FP.F32.U32 R8, R2                                    1      0      1      32768  1048576 1048576 32     32     0      0      -      -      -      0       0      0      0       0      0      -      0      0      0      0      0      0      0      0      0      0      0      0      0      0      0      0      0      0      1      0      0      0      0      0      0      0      0      0      0      0      0      0      0      0      0      0      0      0      0      0     
0x7f362f77c2e0           LOP3.LUT P5, RZ, R0, 0x4, RZ, 0xc0, !PT                0      0      0      32768  1048576 1048576 32     32     0      0      -      -      -      0       0      0      0       0      0      -      0      0      0      0      0      0      0      0      0      0      0      0      0      0      0      0      0      0      0      0      0      0      0      0      0      0      0      0      0      0      0      0      0      0      0      0      0      0      0      0     
0x7f362f77c2f0           LOP3.LUT R0, R0, 0x3, RZ, 0xc0, !PT                    0      0      0      32768  1048576 1048576 32     32     0      0      -      -      -      0       0      0      0       0      0      -      0      0      0      0      0      0      0      0      0      0      0      0      0      0      0      0      0      0      0      0      0      0      0      0      0      0      0      0      0      0      0      0      0      0      0      0      0      0      0      0     
0x7f362f77c300           FSETP.GEU.AND P0, PT, R14, RZ, PT                      1      0      1      32768  1048576 1048576 32     32     0      0      -      -      -      0       0      0      0       0      0      -      0      0      0      0      0      0      0      0      0      0      0      0      0      0      0      0      0      0      1      0      0      0      0      0      0      0      0      0      0      0      0      0      0      0      0      0      0      0      0      0     
0x7f362f77c310           ISETP.NE.U32.AND P2, PT, R2, 0x3, PT                   0      0      0      32768  1048576 1048576 32     32     0      0      -      -      -      0       0      0      0       0      0      -      0      0      0      0      0      0      0      0      0      0      0      0      0      0      0      0      0      0      0      0      0      0      0      0      0      0      0      0      0      0      0      0      0      0      0      0      0      0      0      0     
0x7f362f77c320           FSEL R7, -R7, R7, P4                                   0      0      0      32768  1048576 1048576 32     32     0      0      -      -      -      0       0      0      0       0      0      -      0      0      0      0      0      0      0      0      0      0      0      0      0      0      0      0      0      0      0      0      0      0      0      0      0      0      0      0      0      0      0      0      0      0      0      0      0      0      0      0     
0x7f362f77c330           ISETP.NE.U32.AND P1, PT, R0, 0x3, PT                   2      0      2      32768  1048576 1048576 32     32     0      0      -      -      -      0       0      0      0       0      0      -      0      0      0      0      0      0      0      0      0      0      0      0      0      0      0      0      0      0      2      0      0      0      0      0      0      0      0      0      0      0      0      0      0      0      0      0      0      0      0      0     
0x7f362f77c340           FSEL R14, -R14, R14, !P0                               1      0      1      32768  1048576 1048576 32     32     0      0      -      -      -      0       0      0      0       0      0      -      0      0      0      0      0      0      0      0      0      0      0      0      0      0      0      0      0      0      1      0      0      0      0      0      0      0      0      0      0      0      0      0      0      0      0      0      0      0      0      0     
0x7f362f77c350           FSETP.GEU.AND P0, PT, R10, RZ, PT                      0      0      0      32768  1048576 1048576 32     32     0      0      -      -      -      0       0      0      0       0      0      -      0      0      0      0      0      0      0      0      0      0      0      0      0      0      0      0      0      0      0      0      0      0      0      0      0      0      0      0      0      0      0      0      0      0      0      0      0      0      0      0     
0x7f362f77c360           FFMA R18, R7, R3, -R61                                 0      0      0      32768  1048576 1048576 32     32     0      0      -      -      -      0       0      0      0       0      0      -      0      0      0      0      0      0      0      0      0      0      0      0      0      0      0      0      0      0      0      0      0      0      0      0      0      0      0      0      0      0      0      0      0      0      0      0      0      0      0      0     
0x7f362f77c370           PRMT R7, R28, 0x7770, RZ                               0      0      0      32768  1048576 1048576 32     32     0      0      -      -      -      0       0      0      0       0      0      -      0      0      0      0      0      0      0      0      0      0      0      0      0      0      0      0      0      0      0      0      0      0      0      0      0      0      0      0      0      0      0      0      0      0      0      0      0      0      0      0     
0x7f362f77c380           LOP3.LUT P4, RZ, R7, 0x4, RZ, 0xc0, !PT                1      1      1      32768  1048576 1048576 32     32     0      0      -      -      -      0       0      0      0       0      0      -      0      0      0      0      0      0      0      0      0      0      0      0      0      0      0      0      0      0      0      0      0      0      1      0      0      0      0      0      0      0      0      0      0      0      0      0      0      0      0      1     
0x7f362f77c390           LOP3.LUT R2, R7, 0x3, RZ, 0xc0, !PT                    1      0      1      32768  1048576 1048576 32     32     0      0      -      -      -      0       0      0      0       0      0      -      0      0      0      0      0      0      0      0      0      0      0      0      1      0      0      0      0      0      0      0      0      0      0      0      0      0      0      0      0      0      0      0      0      0      0      0      0      0      0      0     
0x7f362f77c3a0           I2FP.F32.U32 R7, R0                                    2      1      2      32768  1048576 1048576 32     32     0      0      -      -      -      0       0      0      0       0      0      -      0      0      0      0      0      0      0      0      0      0      0      0      0      0      0      0      0      0      1      0      0      0      1      0      0      0      0      0      0      0      0      0      0      0      0      0      0      0      0      1     
0x7f362f77c3b0           LOP3.LUT R0, R6, 0x3, RZ, 0xc0, !PT                    1      1      1      32768  1048576 1048576 32     32     0      0      -      -      -      0       0      0      0       0      0      -      0      0      0      0      0      0      0      0      0      0      0      0      0      0      0      0      0      0      0      0      0      0      1      0      0      0      0      0      0      0      0      0      0      0      0      0      0      0      0      1     
0x7f362f77c3c0           FSEL R6, R8, 4, P2                                     1      0      1      32768  1048576 1048576 32     32     0      0      -      -      -      0       0      0      0       0      0      -      0      0      0      0      0      0      0      0      0      0      0      0      0      0      0      0      0      0      1      0      0      0      0      0      0      0      0      0      0      0      0      0      0      0      0      0      0      0      0      0     
0x7f362f77c3d0           FSEL R7, R7, 4, P1                                     2      0      2      32768  1048576 1048576 32     32     0      0      -      -      -      0       0      0      0       0      0      -      0      0      0      0      0      0      0      0      0      0      0      0      0      0      0      0      0      0      1      0      0      0      1      0      0      0      0      0      0      0      0      0      0      0      0      0      0      0      0      0     
0x7f362f77c3e0           FSETP.NAN.AND P1, PT, R14, R14, PT                     0      0      0      32768  1048576 1048576 32     32     0      0      -      -      -      0       0      0      0       0      0      -      0      0      0      0      0      0      0      0      0      0      0      0      0      0      0      0      0      0      0      0      0      0      0      0      0      0      0      0      0      0      0      0      0      0      0      0      0      0      0      0     
0x7f362f77c3f0     @P3   IADD3 R0, PT, PT, -R0, RZ, RZ                          1      1      1      32768  1048576 384959  32     11     21     0      -      -      -      0       0      0      0       0      0      -      0      0      0      0      0      0      0      0      0      0      0      0      1      0      0      0      0      0      0      0      0      0      0      0      0      0      0      0      0      1      0      0      0      0      0      0      0      0      0      0     
0x7f362f77c400           FSEL R8, -R6, R6, P6                                   1      0      1      32768  1048576 1048576 32     32     0      0      -      -      -      0       0      0      0       0      0      -      0      0      0      0      0      0      0      0      0      0      0      0      0      0      0      0      0      0      1      0      0      0      0      0      0      0      0      0      0      0      0      0      0      0      0      0      0      0      0      0     
0x7f362f77c410           FSEL R6, -R10, R10, !P0                                0      0      0      32768  1048576 1048576 32     32     0      0      -      -      -      0       0      0      0       0      0      -      0      0      0      0      0      0      0      0      0      0      0      0      0      0      0      0      0      0      0      0      0      0      0      0      0      0      0      0      0      0      0      0      0      0      0      0      0      0      0      0     
0x7f362f77c420           FSEL R7, -R7, R7, P5                                   0      0      0      32768  1048576 1048576 32     32     0      0      -      -      -      0       0      0      0       0      0      -      0      0      0      0      0      0      0      0      0      0      0      0      0      0      0      0      0      0      0      0      0      0      0      0      0      0      0      0      0      0      0      0      0      0      0      0      0      0      0      0     
0x7f362f77c430           I2FP.F32.S32 R0, R0                                    0      0      0      32768  1048576 1048576 32     32     0      0      -      -      -      0       0      0      0       0      0      -      0      0      0      0      0      0      0      0      0      0      0      0      0      0      0      0      0      0      0      0      0      0      0      0      0      0      0      0      0      0      0      0      0      0      0      0      0      0      0      0     
0x7f362f77c440     @P4   IADD3 R2, PT, PT, -R2, RZ, RZ                          3      2      3      32768  1048576 384755  32     11     21     0      -      -      -      0       0      0      0       0      0      -      0      0      0      0      0      0      0      0      0      0      0      0      1      0      0      0      0      0      0      0      0      0      2      0      0      0      0      0      0      0      0      0      0      0      0      0      0      0      0      2     
0x7f362f77c450           FSETP.GTU.AND P2, PT, R6, R14, PT                      0      0      0      32768  1048576 1048576 32     32     0      0      -      -      -      0       0      0      0       0      0      -      0      0      0      0      0      0      0      0      0      0      0      0      0      0      0      0      0      0      0      0      0      0      0      0      0      0      0      0      0      0      0      0      0      0      0      0      0      0      0      0     
0x7f362f77c460           FFMA R10, R7, R3, -R56                                 0      0      0      32768  1048576 1048576 32     32     0      0      -      -      -      0       0      0      0       0      0      -      0      0      0      0      0      0      0      0      0      0      0      0      0      0      0      0      0      0      0      0      0      0      0      0      0      0      0      0      0      0      0      0      0      0      0      0      0      0      0      0     
0x7f362f77c470           PRMT R7, R26, 0x7771, RZ                               0      0      0      32768  1048576 1048576 32     32     0      0      -      -      -      0       0      0      0       0      0      -      0      0      0      0      0      0      0      0      0      0      0      0      0      0      0      0      0      0      0      0      0      0      0      0      0      0      0      0      0      0      0      0      0      0      0      0      0      0      0      0     
0x7f362f77c480           FFMA R16, R0, R42, -R56                                0      0      0      32768  1048576 1048576 32     32     0      0      -      -      -      0       0      0      0       0      0      -      0      0      0      0      0      0      0      0      0      0      0      0      0      0      0      0      0      0      0      0      0      0      0      0      0      0      0      0      0      0      0      0      0      0      0      0      0      0      0      0     
0x7f362f77c490           I2FP.F32.S32 R2, R2                                    0      0      0      32768  1048576 1048576 32     32     0      0      -      -      -      0       0      0      0       0      0      -      0      0      0      0      0      0      0      0      0      0      0      0      0      0      0      0      0      0      0      0      0      0      0      0      0      0      0      0      0      0      0      0      0      0      0      0      0      0      0      0     
0x7f362f77c4a0           FFMA R8, R8, R3, -R57                                  0      0      0      32768  1048576 1048576 32     32     0      0      -      -      -      0       0      0      0       0      0      -      0      0      0      0      0      0      0      0      0      0      0      0      0      0      0      0      0      0      0      0      0      0      0      0      0      0      0      0      0      0      0      0      0      0      0      0      0      0      0      0     
0x7f362f77c4b0           PRMT R0, R27, 0x7771, RZ                               0      0      0      32768  1048576 1048576 32     32     0      0      -      -      -      0       0      0      0       0      0      -      0      0      0      0      0      0      0      0      0      0      0      0      0      0      0      0      0      0      0      0      0      0      0      0      0      0      0      0      0      0      0      0      0      0      0      0      0      0      0      0     
0x7f362f77c4c0           LOP3.LUT P4, RZ, R7, 0x4, RZ, 0xc0, !PT                3      3      3      32768  1048576 1048576 32     32     0      0      -      -      -      0       0      0      0       0      0      -      0      0      0      0      0      0      0      0      0      0      0      0      1      0      0      0      0      0      0      0      0      0      2      0      0      0      0      0      0      1      0      0      0      0      0      0      0      0      0      2     
0x7f362f77c4d0           FFMA R15, R2, R42, -R57                                1      0      1      32768  1048576 1048576 32     32     0      0      -      -      -      0       0      0      0       0      0      -      0      0      0      0      0      0      0      0      0      0      0      0      0      0      0      0      0      0      1      0      0      0      0      0      0      0      0      0      0      0      0      0      0      0      0      0      0      0      0      0     
0x7f362f77c4e0     @!P1  FSEL R14, R14, R6, !P2                                 3      0      3      32768  1048576 1048576 32     32     0      0      -      -      -      0       0      0      0       0      0      -      0      0      0      0      0      0      0      0      0      0      0      0      0      0      0      0      0      0      3      0      0      0      0      0      0      0      0      0      0      0      0      0      0      0      0      0      0      0      0      0     
0x7f362f77c4f0           PRMT R6, R27, 0x7770, RZ                               2      0      2      32768  1048576 1048576 32     32     0      0      -      -      -      0       0      0      0       0      0      -      0      0      0      0      0      0      0      0      0      0      0      0      0      0      0      0      0      0      2      0      0      0      0      0      0      0      0      0      0      0      0      0      0      0      0      0      0      0      0      0     
0x7f362f77c500           LOP3.LUT P2, RZ, R0, 0x4, RZ, 0xc0, !PT                1      0      1      32768  1048576 1048576 32     32     0      0      -      -      -      0       0      0      0       0      0      -      0      0      0      0      0      0      0      0      0      0      0      0      0      0      0      0      0      0      1      0      0      0      0      0      0      0      0      0      0      0      0      0      0      0      0      0      0      0      0      0     
0x7f362f77c510           LOP3.LUT R0, R0, 0x3, RZ, 0xc0, !PT                    3      1      3      32768  1048576 1048576 32     32     0      0      -      -      -      0       0      0      0       0      0      -      0      0      0      0      0      0      0      0      0      0      0      0      0      0      0      0      0      0      2      0      0      0      1      0      0      0      0      0      0      0      0      0      0      0      0      0      0      0      0      1     
0x7f362f77c520           LOP3.LUT P6, RZ, R6, 0x4, RZ, 0xc0, !PT                1      1      1      32768  1048576 1048576 32     32     0      0      -      -      -      0       0      0      0       0      0      -      0      0      0      0      0      0      0      0      0      0      0      0      0      0      0      0      0      0      0      0      0      0      1      0      0      0      0      0      0      0      0      0      0      0      0      0      0      0      0      1     
0x7f362f77c530           FSETP.GEU.AND P1, PT, R9, RZ, PT                       1      0      1      32768  1048576 1048576 32     32     0      0      -      -      -      0       0      0      0       0      0      -      0      0      0      0      0      0      0      0      0      0      0      0      0      0      0      0      0      0      1      0      0      0      0      0      0      0      0      0      0      0      0      0      0      0      0      0      0      0      0      0     
0x7f362f77c540           FSETP.GEU.AND P0, PT, R11, RZ, PT                      1      0      1      32768  1048576 1048576 32     32     0      0      -      -      -      0       0      0      0       0      0      -      0      0      0      0      0      0      0      0      0      0      0      0      0      0      0      0      0      0      1      0      0      0      0      0      0      0      0      0      0      0      0      0      0      0      0      0      0      0      0      0     
0x7f362f77c550           FSEL R11, -R11, R11, !P0                               3      2      3      32768  1048576 1048576 32     32     0      0      -      -      -      0       0      0      0       0      0      -      0      0      0      0      0      0      0      0      0      0      0      0      0      0      0      0      0      0      1      0      0      0      2      0      0      0      0      0      0      0      0      0      0      0      0      0      0      0      0      2     
0x7f362f77c560           FSETP.GEU.AND P0, PT, R12, RZ, PT                      1      0      1      32768  1048576 1048576 32     32     0      0      -      -      -      0       0      0      0       0      0      -      0      0      0      0      0      0      0      0      0      0      0      0      0      0      0      0      0      0      1      0      0      0      0      0      0      0      0      0      0      0      0      0      0      0      0      0      0      0      0      0     
0x7f362f77c570           FSETP.NAN.AND P3, PT, R11, R11, PT                     1      1      1      32768  1048576 1048576 32     32     0      0      -      -      -      0       0      0      0       0      0      -      0      0      0      0      0      0      0      0      0      0      0      0      0      0      0      0      0      0      0      0      0      0      1      0      0      0      0      0      0      0      0      0      0      0      0      0      0      0      0      1     
0x7f362f77c580           FSEL R2, -R12, R12, !P0                                0      0      0      32768  1048576 1048576 32     32     0      0      -      -      -      0       0      0      0       0      0      -      0      0      0      0      0      0      0      0      0      0      0      0      0      0      0      0      0      0      0      0      0      0      0      0      0      0      0      0      0      0      0      0      0      0      0      0      0      0      0      0     
0x7f362f77c590           FSEL R12, -R9, R9, !P1                                 0      0      0      32768  1048576 1048576 32     32     0      0      -      -      -      0       0      0      0       0      0      -      0      0      0      0      0      0      0      0      0      0      0      0      0      0      0      0      0      0      0      0      0      0      0      0      0      0      0      0      0      0      0      0      0      0      0      0      0      0      0      0     
0x7f362f77c5a0           FSETP.GEU.AND P1, PT, R8, RZ, PT                       0      0      0      32768  1048576 1048576 32     32     0      0      -      -      -      0       0      0      0       0      0      -      0      0      0      0      0      0      0      0      0      0      0      0      0      0      0      0      0      0      0      0      0      0      0      0      0      0      0      0      0      0      0      0      0      0      0      0      0      0      0      0     
0x7f362f77c5b0           FSETP.GTU.AND P0, PT, R2, R11, PT                      1      0      1      32768  1048576 1048576 32     32     0      0      -      -      -      0       0      0      0       0      0      -      0      0      0      0      0      0      0      0      0      0      0      0      0      0      0      0      0      0      1      0      0      0      0      0      0      0      0      0      0      0      0      0      0      0      0      0      0      0      0      0     
0x7f362f77c5c0           FSETP.NAN.AND P5, PT, R12, R12, PT                     0      0      0      32768  1048576 1048576 32     32     0      0      -      -      -      0       0      0      0       0      0      -      0      0      0      0      0      0      0      0      0      0      0      0      0      0      0      0      0      0      0      0      0      0      0      0      0      0      0      0      0      0      0      0      0      0      0      0      0      0      0      0     
0x7f362f77c5d0           FSEL R8, -R8, R8, !P1                                  0      0      0      32768  1048576 1048576 32     32     0      0      -      -      -      0       0      0      0       0      0      -      0      0      0      0      0      0      0      0      0      0      0      0      0      0      0      0      0      0      0      0      0      0      0      0      0      0      0      0      0      0      0      0      0      0      0      0      0      0      0      0     
0x7f362f77c5e0           FSETP.GTU.AND P1, PT, R8, R12, PT                      5      5      5      32768  1048576 1048576 32     32     0      0      -      -      -      0       0      0      0       0      0      -      0      0      0      0      0      0      0      0      0      0      0      0      0      0      0      0      0      0      0      0      0      0      5      0      0      0      0      0      0      0      0      0      0      0      0      0      0      0      0      5     
0x7f362f77c5f0     @!P3  FSEL R11, R11, R2, !P0                                 1      0      1      32768  1048576 1048576 32     32     0      0      -      -      -      0       0      0      0       0      0      -      0      0      0      0      0      0      0      0      0      0      0      0      0      0      0      0      0      0      1      0      0      0      0      0      0      0      0      0      0      0      0      0      0      0      0      0      0      0      0      0     
0x7f362f77c600           LOP3.LUT R2, R6, 0x3, RZ, 0xc0, !PT                    0      0      0      32768  1048576 1048576 32     32     0      0      -      -      -      0       0      0      0       0      0      -      0      0      0      0      0      0      0      0      0      0      0      0      0      0      0      0      0      0      0      0      0      0      0      0      0      0      0      0      0      0      0      0      0      0      0      0      0      0      0      0     
0x7f362f77c610           I2FP.F32.U32 R6, R0                                    0      0      0      32768  1048576 1048576 32     32     0      0      -      -      -      0       0      0      0       0      0      -      0      0      0      0      0      0      0      0      0      0      0      0      0      0      0      0      0      0      0      0      0      0      0      0      0      0      0      0      0      0      0      0      0      0      0      0      0      0      0      0     
0x7f362f77c620           ISETP.NE.U32.AND P3, PT, R0, 0x3, PT                   1      0      1      32768  1048576 1048576 32     32     0      0      -      -      -      0       0      0      0       0      0      -      0      0      0      0      0      0      0      0      0      0      0      0      0      0      0      0      0      0      1      0      0      0      0      0      0      0      0      0      0      0      0      0      0      0      0      0      0      0      0      0     
0x7f362f77c630           LOP3.LUT R0, R7, 0x3, RZ, 0xc0, !PT                    0      0      0      32768  1048576 1048576 32     32     0      0      -      -      -      0       0      0      0       0      0      -      0      0      0      0      0      0      0      0      0      0      0      0      0      0      0      0      0      0      0      0      0      0      0      0      0      0      0      0      0      0      0      0      0      0      0      0      0      0      0      0     
0x7f362f77c640           ISETP.NE.U32.AND P0, PT, R2, 0x3, PT                   0      0      0      32768  1048576 1048576 32     32     0      0      -      -      -      0       0      0      0       0      0      -      0      0      0      0      0      0      0      0      0      0      0      0      0      0      0      0      0      0      0      0      0      0      0      0      0      0      0      0      0      0      0      0      0      0      0      0      0      0      0      0     
0x7f362f77c650           I2FP.F32.U32 R2, R2                                    1      0      1      32768  1048576 1048576 32     32     0      0      -      -      -      0       0      0      0       0      0      -      0      0      0      0      0      0      0      0      0      0      0      0      0      0      0      0      0      0      1      0      0      0      0      0      0      0      0      0      0      0      0      0      0      0      0      0      0      0      0      0     
0x7f362f77c660     @P4   IADD3 R0, PT, PT, -R0, RZ, RZ                          1      1      1      32768  1048576 385262  32     11     21     0      -      -      -      0       0      0      0       0      0      -      0      0      0      0      0      0      0      0      0      0      0      0      0      0      0      0      0      0      0      0      0      0      1      0      0      0      0      0      0      0      0      0      0      0      0      0      0      0      0      1     
0x7f362f77c670           FSEL R6, R6, 4, P3                                     0      0      0      32768  1048576 1048576 32     32     0      0      -      -      -      0       0      0      0       0      0      -      0      0      0      0      0      0      0      0      0      0      0      0      0      0      0      0      0      0      0      0      0      0      0      0      0      0      0      0      0      0      0      0      0      0      0      0      0      0      0      0     
0x7f362f77c680     @!P5  FSEL R12, R12, R8, !P1                                 0      0      0      32768  1048576 1048576 32     32     0      0      -      -      -      0       0      0      0       0      0      -      0      0      0      0      0      0      0      0      0      0      0      0      0      0      0      0      0      0      0      0      0      0      0      0      0      0      0      0      0      0      0      0      0      0      0      0      0      0      0      0     
0x7f362f77c690           FSETP.GEU.AND P1, PT, R19, RZ, PT                      0      0      0      32768  1048576 1048576 32     32     0      0      -      -      -      0       0      0      0       0      0      -      0      0      0      0      0      0      0      0      0      0      0      0      0      0      0      0      0      0      0      0      0      0      0      0      0      0      0      0      0      0      0      0      0      0      0      0      0      0      0      0     
0x7f362f77c6a0           FSEL R13, R2, 4, P0                                    0      0      0      32768  1048576 1048576 32     32     0      0      -      -      -      0       0      0      0       0      0      -      0      0      0      0      0      0      0      0      0      0      0      0      0      0      0      0      0      0      0      0      0      0      0      0      0      0      0      0      0      0      0      0      0      0      0      0      0      0      0      0     
0x7f362f77c6b0           I2FP.F32.S32 R0, R0                                    0      0      0      32768  1048576 1048576 32     32     0      0      -      -      -      0       0      0      0       0      0      -      0      0      0      0      0      0      0      0      0      0      0      0      0      0      0      0      0      0      0      0      0      0      0      0      0      0      0      0      0      0      0      0      0      0      0      0      0      0      0      0     
0x7f362f77c6c0           FSEL R9, -R6, R6, P2                                   0      0      0      32768  1048576 1048576 32     32     0      0      -      -      -      0       0      0      0       0      0      -      0      0      0      0      0      0      0      0      0      0      0      0      0      0      0      0      0      0      0      0      0      0      0      0      0      0      0      0      0      0      0      0      0      0      0      0      0      0      0      0     
0x7f362f77c6d0           FSETP.GEU.AND P0, PT, R17, RZ, PT                      1      0      1      32768  1048576 1048576 32     32     0      0      -      -      -      0       0      0      0       0      0      -      0      0      0      0      0      0      0      0      0      0      0      0      0      0      0      0      0      0      1      0      0      0      0      0      0      0      0      0      0      0      0      0      0      0      0      0      0      0      0      0     
0x7f362f77c6e0           FSEL R2, -R19, R19, !P1                                1      0      1      32768  1048576 1048576 32     32     0      0      -      -      -      0       0      0      0       0      0      -      0      0      0      0      0      0      0      0      0      0      0      0      0      0      0      0      0      0      1      0      0      0      0      0      0      0      0      0      0      0      0      0      0      0      0      0      0      0      0      0     
0x7f362f77c6f0           FSETP.GEU.AND P1, PT, R10, RZ, PT                      0      0      0      32768  1048576 1048576 32     32     0      0      -      -      -      0       0      0      0       0      0      -      0      0      0      0      0      0      0      0      0      0      0      0      0      0      0      0      0      0      0      0      0      0      0      0      0      0      0      0      0      0      0      0      0      0      0      0      0      0      0      0     
0x7f362f77c700           FSETP.GEU.AND P3, PT, R15, RZ, PT                      0      0      0      32768  1048576 1048576 32     32     0      0      -      -      -      0       0      0      0       0      0      -      0      0      0      0      0      0      0      0      0      0      0      0      0      0      0      0      0      0      0      0      0      0      0      0      0      0      0      0      0      0      0      0      0      0      0      0      0      0      0      0     
0x7f362f77c710           FFMA R9, R9, R3, -R58                                  1      0      1      32768  1048576 1048576 32     32     0      0      -      -      -      0       0      0      0       0      0      -      0      0      0      0      0      0      0      0      0      0      0      0      0      0      0      0      0      0      1      0      0      0      0      0      0      0      0      0      0      0      0      0      0      0      0      0      0      0      0      0     
0x7f362f77c720           FSEL R17, -R17, R17, !P0                               2      0      2      32768  1048576 1048576 32     32     0      0      -      -      -      0       0      0      0       0      0      -      0      0      0      0      0      0      0      0      0      0      0      0      0      0      0      0      0      0      2      0      0      0      0      0      0      0      0      0      0      0      0      0      0      0      0      0      0      0      0      0     
0x7f362f77c730           FSETP.GEU.AND P0, PT, R16, RZ, PT                      0      0      0      32768  1048576 1048576 32     32     0      0      -      -      -      0       0      0      0       0      0      -      0      0      0      0      0      0      0      0      0      0      0      0      0      0      0      0      0      0      0      0      0      0      0      0      0      0      0      0      0      0      0      0      0      0      0      0      0      0      0      0     
0x7f362f77c740           FSEL R8, -R10, R10, !P1                                0      0      0      32768  1048576 1048576 32     32     0      0      -      -      -      0       0      0      0       0      0      -      0      0      0      0      0      0      0      0      0      0      0      0      0      0      0      0      0      0      0      0      0      0      0      0      0      0      0      0      0      0      0      0      0      0      0      0      0      0      0      0     
0x7f362f77c750           PRMT R10, R22, 0x7771, RZ                              0      0      0      32768  1048576 1048576 32     32     0      0      -      -      -      0       0      0      0       0      0      -      0      0      0      0      0      0      0      0      0      0      0      0      0      0      0      0      0      0      0      0      0      0      0      0      0      0      0      0      0      0      0      0      0      0      0      0      0      0      0      0     
0x7f362f77c760           FSEL R7, -R15, R15, !P3                                1      0      1      32768  1048576 1048576 32     32     0      0      -      -      -      0       0      0      0       0      0      -      0      0      0      0      0      0      0      0      0      0      0      0      0      0      0      0      0      0      1      0      0      0      0      0      0      0      0      0      0      0      0      0      0      0      0      0      0      0      0      0     
0x7f362f77c770           FSEL R6, -R16, R16, !P0                                1      0      1      32768  1048576 1048576 32     32     0      0      -      -      -      0       0      0      0       0      0      -      0      0      0      0      0      0      0      0      1      0      0      0      0      0      0      0      0      0      0      0      0      0      0      0      0      0      0      0      0      0      0      0      0      0      0      0      0      0      0      0     
0x7f362f77c780           FFMA R16, R0, R42, -R58                                1      0      1      32768  1048576 1048576 32     32     0      0      -      -      -      0       0      0      0       0      0      -      0      0      0      0      0      0      0      0      0      0      0      0      0      0      0      0      0      0      1      0      0      0      0      0      0      0      0      0      0      0      0      0      0      0      0      0      0      0      0      0     
0x7f362f77c790           PRMT R0, R26, 0x7770, RZ                               0      0      0      32768  1048576 1048576 32     32     0      0      -      -      -      0       0      0      0       0      0      -      0      0      0      0      0      0      0      0      0      0      0      0      0      0      0      0      0      0      0      0      0      0      0      0      0      0      0      0      0      0      0      0      0      0      0      0      0      0      0      0     
0x7f362f77c7a0           LDL.LU R58, [R1+0x14]                                  74     66     74     32768  1048576 1048576 32     32     0      0      Local  Load   32     0       0      0      0       0      131072 -      0      0      0      0      0      0      0      0      0      0      70     0      0      0      2      0      0      1      1      0      0      0      0      0      0      0      0      64     0      0      0      2      0      0      0      0      0      0      0      0     
0x7f362f77c7b0           FSETP.NAN.AND P3, PT, R17, R17, PT                     0      0      0      32768  1048576 1048576 32     32     0      0      -      -      -      0       0      0      0       0      0      -      0      0      0      0      0      0      0      0      0      0      0      0      0      0      0      0      0      0      0      0      0      0      0      0      0      0      0      0      0      0      0      0      0      0      0      0      0      0      0      0     
0x7f362f77c7c0           FSETP.GTU.AND P0, PT, R6, R17, PT                      0      0      0      32768  1048576 1048576 32     32     0      0      -      -      -      0       0      0      0       0      0      -      0      0      0      0      0      0      0      0      0      0      0      0      0      0      0      0      0      0      0      0      0      0      0      0      0      0      0      0      0      0      0      0      0      0      0      0      0      0      0      0     
0x7f362f77c7d0           FSETP.GEU.AND P4, PT, R18, RZ, PT                      0      0      0      32768  1048576 1048576 32     32     0      0      -      -      -      0       0      0      0       0      0      -      0      0      0      0      0      0      0      0      0      0      0      0      0      0      0      0      0      0      0      0      0      0      0      0      0      0      0      0      0      0      0      0      0      0      0      0      0      0      0      0     
0x7f362f77c7e0           FSETP.GTU.AND P1, PT, R7, R2, PT                       0      0      0      32768  1048576 1048576 32     32     0      0      -      -      -      0       0      0      0       0      0      -      0      0      0      0      0      0      0      0      0      0      0      0      0      0      0      0      0      0      0      0      0      0      0      0      0      0      0      0      0      0      0      0      0      0      0      0      0      0      0      0     
0x7f362f77c7f0           FSEL R18, -R18, R18, !P4                               3      3      3      32768  1048576 1048576 32     32     0      0      -      -      -      0       0      0      0       0      0      -      0      0      0      0      0      0      0      0      0      0      0      0      0      0      0      0      0      0      0      0      0      0      3      0      0      0      0      0      0      0      0      0      0      0      0      0      0      0      0      3     
0x7f362f77c800           FSETP.NAN.AND P4, PT, R2, R2, PT                       1      0      1      32768  1048576 1048576 32     32     0      0      -      -      -      0       0      0      0       0      0      -      0      0      0      0      0      0      0      0      0      0      0      0      0      0      0      0      0      0      1      0      0      0      0      0      0      0      0      0      0      0      0      0      0      0      0      0      0      0      0      0     
0x7f362f77c810           FSETP.GTU.AND P2, PT, R8, R18, PT                      0      0      0      32768  1048576 1048576 32     32     0      0      -      -      -      0       0      0      0       0      0      -      0      0      0      0      0      0      0      0      0      0      0      0      0      0      0      0      0      0      0      0      0      0      0      0      0      0      0      0      0      0      0      0      0      0      0      0      0      0      0      0     
0x7f362f77c820     @!P3  FSEL R17, R17, R6, !P0                                 1      0      1      32768  1048576 1048576 32     32     0      0      -      -      -      0       0      0      0       0      0      -      0      0      0      0      0      0      0      0      0      0      0      0      0      0      0      0      0      0      1      0      0      0      0      0      0      0      0      0      0      0      0      0      0      0      0      0      0      0      0      0     
0x7f362f77c830           FSETP.GEU.AND P0, PT, R9, RZ, PT                       0      0      0      32768  1048576 1048576 32     32     0      0      -      -      -      0       0      0      0       0      0      -      0      0      0      0      0      0      0      0      0      0      0      0      0      0      0      0      0      0      0      0      0      0      0      0      0      0      0      0      0      0      0      0      0      0      0      0      0      0      0      0     
0x7f362f77c840           FSETP.NAN.AND P5, PT, R18, R18, PT                     0      0      0      32768  1048576 1048576 32     32     0      0      -      -      -      0       0      0      0       0      0      -      0      0      0      0      0      0      0      0      0      0      0      0      0      0      0      0      0      0      0      0      0      0      0      0      0      0      0      0      0      0      0      0      0      0      0      0      0      0      0      0     
0x7f362f77c850           FSEL R6, -R9, R9, !P0                                  2      1      2      32768  1048576 1048576 32     32     0      0      -      -      -      0       0      0      0       0      0      -      0      0      0      0      0      0      0      0      0      0      0      0      0      0      0      0      0      0      0      0      0      0      2      0      0      0      0      0      0      0      0      0      0      0      0      0      0      0      0      1     
0x7f362f77c860           PRMT R9, R23, 0x7771, RZ                               0      0      0      32768  1048576 1048576 32     32     0      0      -      -      -      0       0      0      0       0      0      -      0      0      0      0      0      0      0      0      0      0      0      0      0      0      0      0      0      0      0      0      0      0      0      0      0      0      0      0      0      0      0      0      0      0      0      0      0      0      0      0     
0x7f362f77c870     @!P4  FSEL R2, R2, R7, !P1                                   1      0      1      32768  1048576 1048576 32     32     0      0      -      -      -      0       0      0      0       0      0      -      0      0      0      0      0      0      0      0      0      0      0      0      0      0      0      0      0      0      1      0      0      0      0      0      0      0      0      0      0      0      0      0      0      0      0      0      0      0      0      0     
0x7f362f77c880           LOP3.LUT P1, RZ, R0, 0x4, RZ, 0xc0, !PT                0      0      0      32768  1048576 1048576 32     32     0      0      -      -      -      0       0      0      0       0      0      -      0      0      0      0      0      0      0      0      0      0      0      0      0      0      0      0      0      0      0      0      0      0      0      0      0      0      0      0      0      0      0      0      0      0      0      0      0      0      0      0     
0x7f362f77c890           LOP3.LUT R0, R0, 0x3, RZ, 0xc0, !PT                    0      0      0      32768  1048576 1048576 32     32     0      0      -      -      -      0       0      0      0       0      0      -      0      0      0      0      0      0      0      0      0      0      0      0      0      0      0      0      0      0      0      0      0      0      0      0      0      0      0      0      0      0      0      0      0      0      0      0      0      0      0      0     
0x7f362f77c8a0           LOP3.LUT P3, RZ, R9, 0x4, RZ, 0xc0, !PT                2      2      2      32768  1048576 1048576 32     32     0      0      -      -      -      0       0      0      0       0      0      -      0      0      0      0      0      0      0      0      0      0      0      0      0      0      0      0      0      0      0      0      0      0      2      0      0      0      0      0      0      0      0      0      0      0      0      0      0      0      0      2     
0x7f362f77c8b0           LOP3.LUT R9, R9, 0x3, RZ, 0xc0, !PT                    3      0      3      32768  1048576 1048576 32     32     0      0      -      -      -      0       0      0      0       0      0      -      0      0      0      0      0      0      0      0      0      0      0      0      0      0      0      0      0      0      3      0      0      0      0      0      0      0      0      0      0      0      0      0      0      0      0      0      0      0      0      0     
0x7f362f77c8c0     @!P5  FSEL R18, R18, R8, !P2                                 1      0      1      32768  1048576 1048576 32     32     0      0      -      -      -      0       0      0      0       0      0      -      0      0      0      0      0      0      0      0      0      0      0      0      0      0      0      0      0      0      1      0      0      0      0      0      0      0      0      0      0      0      0      0      0      0      0      0      0      0      0      0     
0x7f362f77c8d0           LOP3.LUT P2, RZ, R10, 0x4, RZ, 0xc0, !PT               0      0      0      32768  1048576 1048576 32     32     0      0      -      -      -      0       0      0      0       0      0      -      0      0      0      0      0      0      0      0      0      0      0      0      0      0      0      0      0      0      0      0      0      0      0      0      0      0      0      0      0      0      0      0      0      0      0      0      0      0      0      0     
0x7f362f77c8e0           PRMT R8, R24, 0x7771, RZ                               1      1      1      32768  1048576 1048576 32     32     0      0      -      -      -      0       0      0      0       0      0      -      0      0      0      0      0      0      0      0      0      0      0      0      0      0      0      0      0      0      0      0      0      0      1      0      0      0      0      0      0      0      0      0      0      0      0      0      0      0      0      1     
0x7f362f77c8f0           FSETP.NAN.AND P4, PT, R6, R6, PT                       0      0      0      32768  1048576 1048576 32     32     0      0      -      -      -      0       0      0      0       0      0      -      0      0      0      0      0      0      0      0      0      0      0      0      0      0      0      0      0      0      0      0      0      0      0      0      0      0      0      0      0      0      0      0      0      0      0      0      0      0      0      0     
0x7f362f77c900           FSEL R7, -R13, R13, P6                                 1      0      1      32768  1048576 1048576 32     32     0      0      -      -      -      0       0      0      0       0      0      -      0      0      0      0      0      0      0      0      0      0      0      0      0      0      0      0      0      0      1      0      0      0      0      0      0      0      0      0      0      0      0      0      0      0      0      0      0      0      0      0     
0x7f362f77c910           PRMT R13, R47, 0x7771, RZ                              0      0      0      32768  1048576 1048576 32     32     0      0      -      -      -      0       0      0      0       0      0      -      0      0      0      0      0      0      0      0      0      0      0      0      0      0      0      0      0      0      0      0      0      0      0      0      0      0      0      0      0      0      0      0      0      0      0      0      0      0      0      0     
0x7f362f77c920           LOP3.LUT P6, RZ, R8, 0x4, RZ, 0xc0, !PT                3      1      3      32768  1048576 1048576 32     32     0      0      -      -      -      0       0      0      0       0      0      -      0      0      0      0      0      0      0      0      0      0      0      0      0      0      0      0      0      0      2      0      0      0      1      0      0      0      0      0      0      0      0      0      0      0      0      0      0      0      0      1     
0x7f362f77c930           LOP3.LUT P5, RZ, R13, 0x4, RZ, 0xc0, !PT               0      0      0      32768  1048576 1048576 32     32     0      0      -      -      -      0       0      0      0       0      0      -      0      0      0      0      0      0      0      0      0      0      0      0      0      0      0      0      0      0      0      0      0      0      0      0      0      0      0      0      0      0      0      0      0      0      0      0      0      0      0      0     
0x7f362f77c940           FFMA R7, R7, R3, -R60                                  0      0      0      32768  1048576 1048576 32     32     0      0      -      -      -      0       0      0      0       0      0      -      0      0      0      0      0      0      0      0      0      0      0      0      0      0      0      0      0      0      0      0      0      0      0      0      0      0      0      0      0      0      0      0      0      0      0      0      0      0      0      0     
0x7f362f77c950           LOP3.LUT R13, R13, 0x3, RZ, 0xc0, !PT                  0      0      0      32768  1048576 1048576 32     32     0      0      -      -      -      0       0      0      0       0      0      -      0      0      0      0      0      0      0      0      0      0      0      0      0      0      0      0      0      0      0      0      0      0      0      0      0      0      0      0      0      0      0      0      0      0      0      0      0      0      0      0     
0x7f362f77c960           LOP3.LUT R8, R8, 0x3, RZ, 0xc0, !PT                    2      0      2      32768  1048576 1048576 32     32     0      0      -      -      -      0       0      0      0       0      0      -      0      0      0      0      0      0      0      0      0      0      0      0      1      0      0      0      0      0      0      0      0      0      1      0      0      0      0      0      0      0      0      0      0      0      0      0      0      0      0      0     
0x7f362f77c970           I2FP.F32.U32 R15, R13                                  0      0      0      32768  1048576 1048576 32     32     0      0      -      -      -      0       0      0      0       0      0      -      0      0      0      0      0      0      0      0      0      0      0      0      0      0      0      0      0      0      0      0      0      0      0      0      0      0      0      0      0      0      0      0      0      0      0      0      0      0      0      0     
0x7f362f77c980     @P3   IADD3 R9, PT, PT, -R9, RZ, RZ                          0      0      0      32768  1048576 385342  32     11     21     0      -      -      -      0       0      0      0       0      0      -      0      0      0      0      0      0      0      0      0      0      0      0      0      0      0      0      0      0      0      0      0      0      0      0      0      0      0      0      0      0      0      0      0      0      0      0      0      0      0      0     
0x7f362f77c990           FSETP.GEU.AND P3, PT, R37, RZ, PT                      1      0      1      32768  1048576 1048576 32     32     0      0      -      -      -      0       0      0      0       0      0      -      0      0      0      0      0      0      0      0      0      0      0      0      0      0      0      0      0      0      1      0      0      0      0      0      0      0      0      0      0      0      0      0      0      0      0      0      0      0      0      0     
0x7f362f77c9a0           FSETP.GEU.AND P0, PT, R7, RZ, PT                       1      0      1      32768  1048576 1048576 32     32     0      0      -      -      -      0       0      0      0       0      0      -      0      0      0      0      0      0      0      0      0      0      0      0      0      0      0      0      0      0      1      0      0      0      0      0      0      0      0      0      0      0      0      0      0      0      0      0      0      0      0      0     
0x7f362f77c9b0     @P1   IADD3 R0, PT, PT, -R0, RZ, RZ                          1      1      1      32768  1048576 383784  32     11     21     0      -      -      -      0       0      0      0       0      0      -      0      0      0      0      0      0      0      0      0      0      0      0      1      0      0      0      0      0      0      0      0      0      0      0      0      0      0      0      0      1      0      0      0      0      0      0      0      0      0      0     
0x7f362f77c9c0           ISETP.NE.U32.AND P1, PT, R13, 0x3, PT                  1      0      1      32768  1048576 1048576 32     32     0      0      -      -      -      0       0      0      0       0      0      -      0      0      0      0      0      0      0      0      0      0      0      0      0      0      0      0      0      0      1      0      0      0      0      0      0      0      0      0      0      0      0      0      0      0      0      0      0      0      0      0     
0x7f362f77c9d0           I2FP.F32.S32 R9, R9                                    0      0      0      32768  1048576 1048576 32     32     0      0      -      -      -      0       0      0      0       0      0      -      0      0      0      0      0      0      0      0      0      0      0      0      0      0      0      0      0      0      0      0      0      0      0      0      0      0      0      0      0      0      0      0      0      0      0      0      0      0      0      0     
0x7f362f77c9e0           FSEL R7, -R7, R7, !P0                                  1      0      1      32768  1048576 1048576 32     32     0      0      -      -      -      0       0      0      0       0      0      -      0      0      0      0      0      0      0      0      0      0      0      0      0      0      0      0      0      1      0      0      0      0      0      0      0      0      0      0      0      0      0      0      0      0      0      0      0      0      0      0     
0x7f362f77c9f0           I2FP.F32.S32 R0, R0                                    1      0      1      32768  1048576 1048576 32     32     0      0      -      -      -      0       0      0      0       0      0      -      0      0      0      0      0      0      0      0      0      0      0      0      0      0      0      0      0      1      0      0      0      0      0      0      0      0      0      0      0      0      0      0      0      0      0      0      0      0      0      0     
0x7f362f77ca00           FFMA R24, R9, R42, -R48                                1      1      1      32768  1048576 1048576 32     32     0      0      -      -      -      0       0      0      0       0      0      -      0      0      0      0      0      0      0      0      0      0      0      0      0      0      0      0      0      0      0      0      0      0      1      0      0      0      0      0      0      0      0      0      0      0      0      0      0      0      0      1     
0x7f362f77ca10           PRMT R9, R38, 0x7771, RZ                               0      0      0      32768  1048576 1048576 32     32     0      0      -      -      -      0       0      0      0       0      0      -      0      0      0      0      0      0      0      0      0      0      0      0      0      0      0      0      0      0      0      0      0      0      0      0      0      0      0      0      0      0      0      0      0      0      0      0      0      0      0      0     
0x7f362f77ca20           FSETP.GTU.AND P0, PT, R7, R6, PT                       0      0      0      32768  1048576 1048576 32     32     0      0      -      -      -      0       0      0      0       0      0      -      0      0      0      0      0      0      0      0      0      0      0      0      0      0      0      0      0      0      0      0      0      0      0      0      0      0      0      0      0      0      0      0      0      0      0      0      0      0      0      0     
0x7f362f77ca30           FFMA R13, R0, R42, -R60                                0      0      0      32768  1048576 1048576 32     32     0      0      -      -      -      0       0      0      0       0      0      -      0      0      0      0      0      0      0      0      0      0      0      0      0      0      0      0      0      0      0      0      0      0      0      0      0      0      0      0      0      0      0      0      0      0      0      0      0      0      0      0     
0x7f362f77ca40           LOP3.LUT R0, R10, 0x3, RZ, 0xc0, !PT                   1      0      1      32768  1048576 1048576 32     32     0      0      -      -      -      0       0      0      0       0      0      -      0      0      0      0      0      0      0      0      0      0      0      0      0      0      0      0      0      0      1      0      0      0      0      0      0      0      0      0      0      0      0      0      0      0      0      0      0      0      0      0     
0x7f362f77ca50     @!P4  FSEL R6, R6, R7, !P0                                   1      1      1      32768  1048576 1048576 32     32     0      0      -      -      -      0       0      0      0       0      0      -      0      0      0      0      0      0      0      0      0      0      0      0      0      0      0      0      0      0      0      0      0      0      1      0      0      0      0      0      0      0      0      0      0      0      0      0      0      0      0      1     
0x7f362f77ca60           FSETP.GEU.AND P4, PT, R25, RZ, PT                      1      0      1      32768  1048576 1048576 32     32     0      0      -      -      -      0       0      0      0       0      0      -      0      0      0      0      0      0      0      0      0      0      0      0      0      0      0      0      0      0      1      0      0      0      0      0      0      0      0      0      0      0      0      0      0      0      0      0      0      0      0      0     
0x7f362f77ca70           FSEL R7, R15, 4, P1                                    0      0      0      32768  1048576 1048576 32     32     0      0      -      -      -      0       0      0      0       0      0      -      0      0      0      0      0      0      0      0      0      0      0      0      0      0      0      0      0      0      0      0      0      0      0      0      0      0      0      0      0      0      0      0      0      0      0      0      0      0      0      0     
0x7f362f77ca80     @P2   IADD3 R0, PT, PT, -R0, RZ, RZ                          0      0      0      32768  1048576 384808  32     11     21     0      -      -      -      0       0      0      0       0      0      -      0      0      0      0      0      0      0      0      0      0      0      0      0      0      0      0      0      0      0      0      0      0      0      0      0      0      0      0      0      0      0      0      0      0      0      0      0      0      0      0     
0x7f362f77ca90           FSETP.GEU.AND P1, PT, R16, RZ, PT                      0      0      0      32768  1048576 1048576 32     32     0      0      -      -      -      0       0      0      0       0      0      -      0      0      0      0      0      0      0      0      0      0      0      0      0      0      0      0      0      0      0      0      0      0      0      0      0      0      0      0      0      0      0      0      0      0      0      0      0      0      0      0     
0x7f362f77caa0           ISETP.NE.U32.AND P0, PT, R8, 0x3, PT                   0      0      0      32768  1048576 1048576 32     32     0      0      -      -      -      0       0      0      0       0      0      -      0      0      0      0      0      0      0      0      0      0      0      0      0      0      0      0      0      0      0      0      0      0      0      0      0      0      0      0      0      0      0      0      0      0      0      0      0      0      0      0     
0x7f362f77cab0           I2FP.F32.U32 R8, R8                                    1      1      1      32768  1048576 1048576 32     32     0      0      -      -      -      0       0      0      0       0      0      -      0      0      0      0      0      0      0      0      0      0      0      0      1      0      0      0      0      0      0      0      0      0      0      0      0      0      0      0      0      1      0      0      0      0      0      0      0      0      0      0     
0x7f362f77cac0           I2FP.F32.S32 R19, R0                                   0      0      0      32768  1048576 1048576 32     32     0      0      -      -      -      0       0      0      0       0      0      -      0      0      0      0      0      0      0      0      0      0      0      0      0      0      0      0      0      0      0      0      0      0      0      0      0      0      0      0      0      0      0      0      0      0      0      0      0      0      0      0     
0x7f362f77cad0           FSEL R7, -R7, R7, P5                                   0      0      0      32768  1048576 1048576 32     32     0      0      -      -      -      0       0      0      0       0      0      -      0      0      0      0      0      0      0      0      0      0      0      0      0      0      0      0      0      0      0      0      0      0      0      0      0      0      0      0      0      0      0      0      0      0      0      0      0      0      0      0     
0x7f362f77cae0           FSEL R0, -R16, R16, !P1                                1      0      1      32768  1048576 1048576 32     32     0      0      -      -      -      0       0      0      0       0      0      -      0      0      0      0      0      0      0      0      0      0      0      0      0      0      0      0      0      0      1      0      0      0      0      0      0      0      0      0      0      0      0      0      0      0      0      0      0      0      0      0     
0x7f362f77caf0           FSEL R16, -R25, R25, !P4                               0      0      0      32768  1048576 1048576 32     32     0      0      -      -      -      0       0      0      0       0      0      -      0      0      0      0      0      0      0      0      0      0      0      0      0      0      0      0      0      0      0      0      0      0      0      0      0      0      0      0      0      0      0      0      0      0      0      0      0      0      0      0     
0x7f362f77cb00           FFMA R25, R19, R42, -R54                               1      1      1      32768  1048576 1048576 32     32     0      0      -      -      -      0       0      0      0       0      0      -      0      0      0      0      0      0      0      0      0      0      0      0      0      0      0      0      0      0      0      0      0      0      1      0      0      0      0      0      0      0      0      0      0      0      0      0      0      0      0      1     
0x7f362f77cb10           FSEL R20, R8, 4, P0                                    0      0      0      32768  1048576 1048576 32     32     0      0      -      -      -      0       0      0      0       0      0      -      0      0      0      0      0      0      0      0      0      0      0      0      0      0      0      0      0      0      0      0      0      0      0      0      0      0      0      0      0      0      0      0      0      0      0      0      0      0      0      0     
0x7f362f77cb20           FFMA R22, R7, R3, -R54                                 0      0      0      32768  1048576 1048576 32     32     0      0      -      -      -      0       0      0      0       0      0      -      0      0      0      0      0      0      0      0      0      0      0      0      0      0      0      0      0      0      0      0      0      0      0      0      0      0      0      0      0      0      0      0      0      0      0      0      0      0      0      0     
0x7f362f77cb30           FSETP.GEU.AND P0, PT, R13, RZ, PT                      0      0      0      32768  1048576 1048576 32     32     0      0      -      -      -      0       0      0      0       0      0      -      0      0      0      0      0      0      0      0      0      0      0      0      0      0      0      0      0      0      0      0      0      0      0      0      0      0      0      0      0      0      0      0      0      0      0      0      0      0      0      0     
0x7f362f77cb40           LDL.LU R54, [R1+0x10]                                  98     91     98     32768  1048576 1048576 32     32     0      0      Local  Load   32     0       0      0      0       0      131072 -      0      0      0      0      0      0      0      0      0      0      95     0      0      0      3      0      0      0      0      0      0      0      0      0      0      0      0      88     0      0      0      3      0      0      0      0      0      0      0      0     
0x7f362f77cb50           FSETP.NAN.AND P5, PT, R0, R0, PT                       0      0      0      32768  1048576 1048576 32     32     0      0      -      -      -      0       0      0      0       0      0      -      0      0      0      0      0      0      0      0      0      0      0      0      0      0      0      0      0      0      0      0      0      0      0      0      0      0      0      0      0      0      0      0      0      0      0      0      0      0      0      0     
0x7f362f77cb60           FSEL R8, -R37, R37, !P3                                3      0      3      32768  1048576 1048576 32     32     0      0      -      -      -      0       0      0      0       0      0      -      0      0      0      0      0      0      0      0      0      0      0      0      0      0      0      0      0      0      3      0      0      0      0      0      0      0      0      0      0      0      0      0      0      0      0      0      0      0      0      0     
0x7f362f77cb70           FSETP.GEU.AND P1, PT, R43, RZ, PT                      1      0      1      32768  1048576 1048576 32     32     0      0      -      -      -      0       0      0      0       0      0      -      0      0      0      0      0      0      0      0      0      0      0      0      0      0      0      0      0      0      1      0      0      0      0      0      0      0      0      0      0      0      0      0      0      0      0      0      0      0      0      0     
0x7f362f77cb80           FSEL R10, -R13, R13, !P0                               1      1      1      32768  1048576 1048576 32     32     0      0      -      -      -      0       0      0      0       0      0      -      0      0      0      0      0      0      0      0      0      0      0      0      0      0      0      0      1      0      0      0      0      0      0      0      0      0      0      0      0      0      0      0      0      1      0      0      0      0      0      0     
0x7f362f77cb90           FSETP.GEU.AND P2, PT, R41, RZ, PT                      1      0      1      32768  1048576 1048576 32     32     0      0      -      -      -      0       0      0      0       0      0      -      0      0      0      0      0      0      0      0      0      0      0      0      0      0      0      0      0      0      1      0      0      0      0      0      0      0      0      0      0      0      0      0      0      0      0      0      0      0      0      0     
0x7f362f77cba0           FSETP.GTU.AND P4, PT, R14, R8, PT                      1      0      1      32768  1048576 1048576 32     32     0      0      -      -      -      0       0      0      0       0      0      -      0      0      0      0      0      0      0      0      0      0      0      0      0      0      0      0      0      0      0      0      0      0      1      0      0      0      0      0      0      0      0      0      0      0      0      0      0      0      0      0     
0x7f362f77cbb0           FSEL R7, -R43, R43, !P1                                0      0      0      32768  1048576 1048576 32     32     0      0      -      -      -      0       0      0      0       0      0      -      0      0      0      0      0      0      0      0      0      0      0      0      0      0      0      0      0      0      0      0      0      0      0      0      0      0      0      0      0      0      0      0      0      0      0      0      0      0      0      0     
0x7f362f77cbc0           FSETP.GTU.AND P3, PT, R10, R0, PT                      0      0      0      32768  1048576 1048576 32     32     0      0      -      -      -      0       0      0      0       0      0      -      0      0      0      0      0      0      0      0      0      0      0      0      0      0      0      0      0      0      0      0      0      0      0      0      0      0      0      0      0      0      0      0      0      0      0      0      0      0      0      0     
0x7f362f77cbd0           FSEL R15, -R41, R41, !P2                               1      0      1      32768  1048576 1048576 32     32     0      0      -      -      -      0       0      0      0       0      0      -      0      0      0      0      0      0      0      0      0      0      0      0      0      0      0      0      0      0      1      0      0      0      0      0      0      0      0      0      0      0      0      0      0      0      0      0      0      0      0      0     
0x7f362f77cbe0           FSETP.NAN.AND P2, PT, R16, R16, PT                     0      0      0      32768  1048576 1048576 32     32     0      0      -      -      -      0       0      0      0       0      0      -      0      0      0      0      0      0      0      0      0      0      0      0      0      0      0      0      0      0      0      0      0      0      0      0      0      0      0      0      0      0      0      0      0      0      0      0      0      0      0      0     
0x7f362f77cbf0           FSETP.NAN.AND P1, PT, R8, R8, PT                       0      0      0      32768  1048576 1048576 32     32     0      0      -      -      -      0       0      0      0       0      0      -      0      0      0      0      0      0      0      0      0      0      0      0      0      0      0      0      0      0      0      0      0      0      0      0      0      0      0      0      0      0      0      0      0      0      0      0      0      0      0      0     
0x7f362f77cc00           FSETP.NAN.AND P0, PT, R7, R7, PT                       1      0      1      32768  1048576 1048576 32     32     0      0      -      -      -      0       0      0      0       0      0      -      0      0      0      0      0      0      0      0      0      0      0      0      0      0      0      0      0      0      1      0      0      0      0      0      0      0      0      0      0      0      0      0      0      0      0      0      0      0      0      0     
0x7f362f77cc10     @!P5  FSEL R0, R0, R10, !P3                                  0      0      0      32768  1048576 1048576 32     32     0      0      -      -      -      0       0      0      0       0      0      -      0      0      0      0      0      0      0      0      0      0      0      0      0      0      0      0      0      0      0      0      0      0      0      0      0      0      0      0      0      0      0      0      0      0      0      0      0      0      0      0     
0x7f362f77cc20           FSEL R10, -R20, R20, P6                                0      0      0      32768  1048576 1048576 32     32     0      0      -      -      -      0       0      0      0       0      0      -      0      0      0      0      0      0      0      0      0      0      0      0      0      0      0      0      0      0      0      0      0      0      0      0      0      0      0      0      0      0      0      0      0      0      0      0      0      0      0      0     
0x7f362f77cc30           FSETP.NAN.AND P6, PT, R15, R15, PT                     0      0      0      32768  1048576 1048576 32     32     0      0      -      -      -      0       0      0      0       0      0      -      0      0      0      0      0      0      0      0      0      0      0      0      0      0      0      0      0      0      0      0      0      0      0      0      0      0      0      0      0      0      0      0      0      0      0      0      0      0      0      0     
0x7f362f77cc40           FSETP.GTU.AND P3, PT, R11, R7, PT                      0      0      0      32768  1048576 1048576 32     32     0      0      -      -      -      0       0      0      0       0      0      -      0      0      0      0      0      0      0      0      0      0      0      0      0      0      0      0      0      0      0      0      0      0      0      0      0      0      0      0      0      0      0      0      0      0      0      0      0      0      0      0     
0x7f362f77cc50           FSETP.GTU.AND P5, PT, R12, R16, PT                     0      0      0      32768  1048576 1048576 32     32     0      0      -      -      -      0       0      0      0       0      0      -      0      0      0      0      0      0      0      0      0      0      0      0      0      0      0      0      0      0      0      0      0      0      0      0      0      0      0      0      0      0      0      0      0      0      0      0      0      0      0      0     
0x7f362f77cc60           FFMA R21, R10, R3, -R48                                1      0      1      32768  1048576 1048576 32     32     0      0      -      -      -      0       0      0      0       0      0      -      0      0      0      0      0      0      0      0      0      0      0      0      0      0      0      0      0      0      1      0      0      0      0      0      0      0      0      0      0      0      0      0      0      0      0      0      0      0      0      0     
0x7f362f77cc70           PRMT R10, R36, 0x7771, RZ                              0      0      0      32768  1048576 1048576 32     32     0      0      -      -      -      0       0      0      0       0      0      -      0      0      0      0      0      0      0      0      0      0      0      0      0      0      0      0      0      0      0      0      0      0      0      0      0      0      0      0      0      0      0      0      0      0      0      0      0      0      0      0     
0x7f362f77cc80           LDL.LU R48, [R1+0xc]                                   94     88     94     32768  1048576 1048576 32     32     0      0      Local  Load   32     0       0      0      0       0      131072 -      0      0      0      0      0      0      0      0      1      0      84     0      0      0      8      0      0      0      1      0      0      0      0      0      0      0      0      80     0      0      0      8      0      0      0      0      0      0      0      0     
0x7f362f77cc90     @!P2  FSEL R16, R16, R12, !P5                                2      0      2      32768  1048576 1048576 32     32     0      0      -      -      -      0       0      0      0       0      0      -      0      0      0      0      0      0      0      0      0      0      0      0      0      0      0      0      0      1      1      0      0      0      0      0      0      0      0      0      0      0      0      0      0      0      0      0      0      0      0      0     
0x7f362f77cca0           LOP3.LUT P2, RZ, R10, 0x4, RZ, 0xc0, !PT               0      0      0      32768  1048576 1048576 32     32     0      0      -      -      -      0       0      0      0       0      0      -      0      0      0      0      0      0      0      0      0      0      0      0      0      0      0      0      0      0      0      0      0      0      0      0      0      0      0      0      0      0      0      0      0      0      0      0      0      0      0      0     
0x7f362f77ccb0           LOP3.LUT R10, R10, 0x3, RZ, 0xc0, !PT                  1      0      1      32768  1048576 1048576 32     32     0      0      -      -      -      0       0      0      0       0      0      -      0      0      0      0      0      0      0      0      0      0      0      0      0      0      0      0      0      0      1      0      0      0      0      0      0      0      0      0      0      0      0      0      0      0      0      0      0      0      0      0     
0x7f362f77ccc0     @!P0  FSEL R7, R7, R11, !P3                                  0      0      0      32768  1048576 1048576 32     32     0      0      -      -      -      0       0      0      0       0      0      -      0      0      0      0      0      0      0      0      0      0      0      0      0      0      0      0      0      0      0      0      0      0      0      0      0      0      0      0      0      0      0      0      0      0      0      0      0      0      0      0     
0x7f362f77ccd0           PRMT R11, R34, 0x7771, RZ                              0      0      0      32768  1048576 1048576 32     32     0      0      -      -      -      0       0      0      0       0      0      -      0      0      0      0      0      0      0      0      0      0      0      0      0      0      0      0      0      0      0      0      0      0      0      0      0      0      0      0      0      0      0      0      0      0      0      0      0      0      0      0     
0x7f362f77cce0           I2FP.F32.U32 R12, R10                                  0      0      0      32768  1048576 1048576 32     32     0      0      -      -      -      0       0      0      0       0      0      -      0      0      0      0      0      0      0      0      0      0      0      0      0      0      0      0      0      0      0      0      0      0      0      0      0      0      0      0      0      0      0      0      0      0      0      0      0      0      0      0     
0x7f362f77ccf0           LOP3.LUT P3, RZ, R11, 0x4, RZ, 0xc0, !PT               1      0      1      32768  1048576 1048576 32     32     0      0      -      -      -      0       0      0      0       0      0      -      0      0      0      0      0      0      0      0      0      0      0      0      0      0      0      0      0      1      0      0      0      0      0      0      0      0      0      0      0      0      0      0      0      0      0      0      0      0      0      0     
0x7f362f77cd00           FSETP.GTU.AND P0, PT, R2, R15, PT                      0      0      0      32768  1048576 1048576 32     32     0      0      -      -      -      0       0      0      0       0      0      -      0      0      0      0      0      0      0      0      0      0      0      0      0      0      0      0      0      0      0      0      0      0      0      0      0      0      0      0      0      0      0      0      0      0      0      0      0      0      0      0     
0x7f362f77cd10     @!P1  FSEL R8, R8, R14, !P4                                  0      0      0      32768  1048576 1048576 32     32     0      0      -      -      -      0       0      0      0       0      0      -      0      0      0      0      0      0      0      0      0      0      0      0      0      0      0      0      0      0      0      0      0      0      0      0      0      0      0      0      0      0      0      0      0      0      0      0      0      0      0      0     
0x7f362f77cd20           LOP3.LUT P1, RZ, R9, 0x4, RZ, 0xc0, !PT                3      2      3      32768  1048576 1048576 32     32     0      0      -      -      -      0       0      0      0       0      0      -      0      0      0      0      0      0      0      0      0      0      0      0      2      0      0      0      0      1      0      0      0      0      0      0      0      0      0      0      0      2      0      0      0      0      0      0      0      0      0      0     
0x7f362f77cd30           FSETP.GEU.AND P4, PT, R39, RZ, PT                      1      0      1      32768  1048576 1048576 32     32     0      0      -      -      -      0       0      0      0       0      0      -      0      0      0      0      0      0      0      0      0      0      0      0      0      0      0      0      0      0      1      0      0      0      0      0      0      0      0      0      0      0      0      0      0      0      0      0      0      0      0      0     
0x7f362f77cd40     @!P6  FSEL R15, R15, R2, !P0                                 2      1      2      32768  1048576 1048576 32     32     0      0      -      -      -      0       0      0      0       0      0      -      0      0      0      0      0      0      0      0      0      0      0      0      0      0      0      0      0      0      1      0      0      0      1      0      0      0      0      0      0      0      0      0      0      0      0      0      0      0      0      1     
0x7f362f77cd50           LOP3.LUT R2, R9, 0x3, RZ, 0xc0, !PT                    1      0      1      32768  1048576 1048576 32     32     0      0      -      -      -      0       0      0      0       0      0      -      0      0      0      0      0      0      0      0      0      0      0      0      0      0      0      0      0      0      1      0      0      0      0      0      0      0      0      0      0      0      0      0      0      0      0      0      0      0      0      0     
0x7f362f77cd60           LOP3.LUT R9, R11, 0x3, RZ, 0xc0, !PT                   0      0      0      32768  1048576 1048576 32     32     0      0      -      -      -      0       0      0      0       0      0      -      0      0      0      0      0      0      0      0      0      0      0      0      0      0      0      0      0      0      0      0      0      0      0      0      0      0      0      0      0      0      0      0      0      0      0      0      0      0      0      0     
0x7f362f77cd70           ISETP.NE.U32.AND P0, PT, R10, 0x3, PT                  0      0      0      32768  1048576 1048576 32     32     0      0      -      -      -      0       0      0      0       0      0      -      0      0      0      0      0      0      0      0      0      0      0      0      0      0      0      0      0      0      0      0      0      0      0      0      0      0      0      0      0      0      0      0      0      0      0      0      0      0      0      0     
0x7f362f77cd80           PRMT R10, R35, 0x7771, RZ                              0      0      0      32768  1048576 1048576 32     32     0      0      -      -      -      0       0      0      0       0      0      -      0      0      0      0      0      0      0      0      0      0      0      0      0      0      0      0      0      0      0      0      0      0      0      0      0      0      0      0      0      0      0      0      0      0      0      0      0      0      0      0     
0x7f362f77cd90     @P3   IADD3 R9, PT, PT, -R9, RZ, RZ                          2      0      2      32768  1048576 385339  32     11     21     0      -      -      -      0       0      0      0       0      0      -      0      0      0      0      0      0      0      0      0      0      0      0      0      0      0      0      0      0      2      0      0      0      0      0      0      0      0      0      0      0      0      0      0      0      0      0      0      0      0      0     
0x7f362f77cda0           ISETP.NE.U32.AND P5, PT, R2, 0x3, PT                   0      0      0      32768  1048576 1048576 32     32     0      0      -      -      -      0       0      0      0       0      0      -      0      0      0      0      0      0      0      0      0      0      0      0      0      0      0      0      0      0      0      0      0      0      0      0      0      0      0      0      0      0      0      0      0      0      0      0      0      0      0      0     
0x7f362f77cdb0           I2FP.F32.U32 R2, R2                                    0      0      0      32768  1048576 1048576 32     32     0      0      -      -      -      0       0      0      0       0      0      -      0      0      0      0      0      0      0      0      0      0      0      0      0      0      0      0      0      0      0      0      0      0      0      0      0      0      0      0      0      0      0      0      0      0      0      0      0      0      0      0     
0x7f362f77cdc0           FSEL R12, R12, 4, P0                                   0      0      0      32768  1048576 1048576 32     32     0      0      -      -      -      0       0      0      0       0      0      -      0      0      0      0      0      0      0      0      0      0      0      0      0      0      0      0      0      0      0      0      0      0      0      0      0      0      0      0      0      0      0      0      0      0      0      0      0      0      0      0     
0x7f362f77cdd0           I2FP.F32.S32 R9, R9                                    0      0      0      32768  1048576 1048576 32     32     0      0      -      -      -      0       0      0      0       0      0      -      0      0      0      0      0      0      0      0      0      0      0      0      0      0      0      0      0      0      0      0      0      0      0      0      0      0      0      0      0      0      0      0      0      0      0      0      0      0      0      0     
0x7f362f77cde0           FSEL R2, R2, 4, P5                                     1      1      1      32768  1048576 1048576 32     32     0      0      -      -      -      0       0      0      0       0      0      -      0      0      0      0      0      0      0      0      0      0      0      0      0      0      0      0      0      0      0      0      0      0      1      0      0      0      0      0      0      0      0      0      0      0      0      0      0      0      0      1     
0x7f362f77cdf0           LOP3.LUT P5, RZ, R10, 0x4, RZ, 0xc0, !PT               0      0      0      32768  1048576 1048576 32     32     0      0      -      -      -      0       0      0      0       0      0      -      0      0      0      0      0      0      0      0      0      0      0      0      0      0      0      0      0      0      0      0      0      0      0      0      0      0      0      0      0      0      0      0      0      0      0      0      0      0      0      0     
0x7f362f77ce00           FFMA R23, R9, R42, -R5                                 0      0      0      32768  1048576 1048576 32     32     0      0      -      -      -      0       0      0      0       0      0      -      0      0      0      0      0      0      0      0      0      0      0      0      0      0      0      0      0      0      0      0      0      0      0      0      0      0      0      0      0      0      0      0      0      0      0      0      0      0      0      0     
0x7f362f77ce10           FSEL R19, -R12, R12, P2                                0      0      0      32768  1048576 1048576 32     32     0      0      -      -      -      0       0      0      0       0      0      -      0      0      0      0      0      0      0      0      0      0      0      0      0      0      0      0      0      0      0      0      0      0      0      0      0      0      0      0      0      0      0      0      0      0      0      0      0      0      0      0     
0x7f362f77ce20           FSEL R20, -R2, R2, P1                                  0      0      0      32768  1048576 1048576 32     32     0      0      -      -      -      0       0      0      0       0      0      -      0      0      0      0      0      0      0      0      0      0      0      0      0      0      0      0      0      0      0      0      0      0      0      0      0      0      0      0      0      0      0      0      0      0      0      0      0      0      0      0     
0x7f362f77ce30           FSETP.GEU.AND P0, PT, R44, RZ, PT                      0      0      0      32768  1048576 1048576 32     32     0      0      -      -      -      0       0      0      0       0      0      -      0      0      0      0      0      0      0      0      0      0      0      0      0      0      0      0      0      0      0      0      0      0      0      0      0      0      0      0      0      0      0      0      0      0      0      0      0      0      0      0     
0x7f362f77ce40           FSEL R11, -R39, R39, !P4                               0      0      0      32768  1048576 1048576 32     32     0      0      -      -      -      0       0      0      0       0      0      -      0      0      0      0      0      0      0      0      0      0      0      0      0      0      0      0      0      0      0      0      0      0      0      0      0      0      0      0      0      0      0      0      0      0      0      0      0      0      0      0     
0x7f362f77ce50           FSETP.GEU.AND P3, PT, R40, RZ, PT                      0      0      0      32768  1048576 1048576 32     32     0      0      -      -      -      0       0      0      0       0      0      -      0      0      0      0      0      0      0      0      0      0      0      0      0      0      0      0      0      0      0      0      0      0      0      0      0      0      0      0      0      0      0      0      0      0      0      0      0      0      0      0     
0x7f362f77ce60           FFMA R19, R19, R3, -R5                                 0      0      0      32768  1048576 1048576 32     32     0      0      -      -      -      0       0      0      0       0      0      -      0      0      0      0      0      0      0      0      0      0      0      0      0      0      0      0      0      0      0      0      0      0      0      0      0      0      0      0      0      0      0      0      0      0      0      0      0      0      0      0     
0x7f362f77ce70           FFMA R20, R20, R3, -R4                                 0      0      0      32768  1048576 1048576 32     32     0      0      -      -      -      0       0      0      0       0      0      -      0      0      0      0      0      0      0      0      0      0      0      0      0      0      0      0      0      0      0      0      0      0      0      0      0      0      0      0      0      0      0      0      0      0      0      0      0      0      0      0     
0x7f362f77ce80           LOP3.LUT R3, R10, 0x3, RZ, 0xc0, !PT                   0      0      0      32768  1048576 1048576 32     32     0      0      -      -      -      0       0      0      0       0      0      -      0      0      0      0      0      0      0      0      0      0      0      0      0      0      0      0      0      0      0      0      0      0      0      0      0      0      0      0      0      0      0      0      0      0      0      0      0      0      0      0     
0x7f362f77ce90           LDL.LU R5, [R1+0x8]                                    127    116    127    32768  1048576 1048576 32     32     0      0      Local  Load   32     0       0      0      0       0      131072 -      0      0      0      0      0      0      0      0      0      0      123    0      0      0      2      0      0      0      2      0      0      0      0      0      0      0      0      114    0      0      0      2      0      0      0      0      0      0      0      0     
0x7f362f77cea0           FSEL R13, -R44, R44, !P0                               0      0      0      32768  1048576 1048576 32     32     0      0      -      -      -      0       0      0      0       0      0      -      0      0      0      0      0      0      0      0      0      0      0      0      0      0      0      0      0      0      0      0      0      0      0      0      0      0      0      0      0      0      0      0      0      0      0      0      0      0      0      0     
0x7f362f77ceb0           FSETP.GEU.AND P0, PT, R45, RZ, PT                      2      0      2      32768  1048576 1048576 32     32     0      0      -      -      -      0       0      0      0       0      0      -      0      0      0      0      0      0      0      0      0      0      0      0      0      0      0      0      0      0      2      0      0      0      0      0      0      0      0      0      0      0      0      0      0      0      0      0      0      0      0      0     
0x7f362f77cec0           FSETP.GTU.AND P1, PT, R18, R11, PT                     0      0      0      32768  1048576 1048576 32     32     0      0      -      -      -      0       0      0      0       0      0      -      0      0      0      0      0      0      0      0      0      0      0      0      0      0      0      0      0      0      0      0      0      0      0      0      0      0      0      0      0      0      0      0      0      0      0      0      0      0      0      0     
0x7f362f77ced0     @P5   IADD3 R3, PT, PT, -R3, RZ, RZ                          2      0      2      32768  1048576 384446  32     11     21     0      -      -      -      0       0      0      0       0      0      -      0      0      0      0      0      0      0      0      0      0      0      0      0      0      0      0      0      0      2      0      0      0      0      0      0      0      0      0      0      0      0      0      0      0      0      0      0      0      0      0     
0x7f362f77cee0           FSEL R14, -R40, R40, !P3                               1      0      1      32768  1048576 1048576 32     32     0      0      -      -      -      0       0      0      0       0      0      -      0      0      0      0      0      0      0      0      0      0      0      0      0      0      0      0      0      0      1      0      0      0      0      0      0      0      0      0      0      0      0      0      0      0      0      0      0      0      0      0     
0x7f362f77cef0           FSETP.NAN.AND P2, PT, R13, R13, PT                     1      0      1      32768  1048576 1048576 32     32     0      0      -      -      -      0       0      0      0       0      0      -      0      0      0      0      0      0      0      0      0      0      0      0      0      0      0      0      0      0      1      0      0      0      0      0      0      0      0      0      0      0      0      0      0      0      0      0      0      0      0      0     
0x7f362f77cf00           FSEL R12, -R45, R45, !P0                               0      0      0      32768  1048576 1048576 32     32     0      0      -      -      -      0       0      0      0       0      0      -      0      0      0      0      0      0      0      0      0      0      0      0      0      0      0      0      0      0      0      0      0      0      0      0      0      0      0      0      0      0      0      0      0      0      0      0      0      0      0      0     
0x7f362f77cf10           FSETP.GTU.AND P0, PT, R17, R13, PT                     1      0      1      32768  1048576 1048576 32     32     0      0      -      -      -      0       0      0      0       0      0      -      0      0      0      0      0      0      0      0      0      0      0      0      0      0      0      0      0      0      1      0      0      0      0      0      0      0      0      0      0      0      0      0      0      0      0      0      0      0      0      0     
0x7f362f77cf20           FSETP.NAN.AND P3, PT, R11, R11, PT                     1      0      1      32768  1048576 1048576 32     32     0      0      -      -      -      0       0      0      0       0      0      -      0      0      0      0      0      0      0      0      0      0      0      0      0      0      0      0      0      0      1      0      0      0      0      0      0      0      0      0      0      0      0      0      0      0      0      0      0      0      0      0     
0x7f362f77cf30           FSETP.NAN.AND P6, PT, R14, R14, PT                     0      0      0      32768  1048576 1048576 32     32     0      0      -      -      -      0       0      0      0       0      0      -      0      0      0      0      0      0      0      0      0      0      0      0      0      0      0      0      0      0      0      0      0      0      0      0      0      0      0      0      0      0      0      0      0      0      0      0      0      0      0      0     
0x7f362f77cf40           FSETP.NAN.AND P4, PT, R12, R12, PT                     1      1      1      32768  1048576 1048576 32     32     0      0      -      -      -      0       0      0      0       0      0      -      0      0      0      0      0      0      0      0      0      0      0      0      0      0      0      0      0      0      0      0      0      0      1      0      0      0      0      0      0      0      0      0      0      0      0      0      0      0      0      1     
0x7f362f77cf50     @!P2  FSEL R13, R13, R17, !P0                                6      4      6      32768  1048576 1048576 32     32     0      0      -      -      -      0       0      0      0       0      0      -      0      0      0      0      0      0      0      0      0      0      0      0      0      0      0      0      0      2      0      0      0      0      4      0      0      0      0      0      0      0      0      0      0      0      0      0      0      0      0      4     
0x7f362f77cf60           FSETP.GTU.AND P0, PT, R0, R12, PT                      0      0      0      32768  1048576 1048576 32     32     0      0      -      -      -      0       0      0      0       0      0      -      0      0      0      0      0      0      0      0      0      0      0      0      0      0      0      0      0      0      0      0      0      0      0      0      0      0      0      0      0      0      0      0      0      0      0      0      0      0      0      0     
0x7f362f77cf70           FSETP.GTU.AND P2, PT, R6, R14, PT                      0      0      0      32768  1048576 1048576 32     32     0      0      -      -      -      0       0      0      0       0      0      -      0      0      0      0      0      0      0      0      0      0      0      0      0      0      0      0      0      0      0      0      0      0      0      0      0      0      0      0      0      0      0      0      0      0      0      0      0      0      0      0     
0x7f362f77cf80     @!P3  FSEL R11, R11, R18, !P1                                1      0      1      32768  1048576 1048576 32     32     0      0      -      -      -      0       0      0      0       0      0      -      0      0      0      0      0      0      0      0      0      0      0      0      0      0      0      0      0      0      1      0      0      0      0      0      0      0      0      0      0      0      0      0      0      0      0      0      0      0      0      0     
0x7f362f77cf90           FSETP.GEU.AND P1, PT, R25, RZ, PT                      0      0      0      32768  1048576 1048576 32     32     0      0      -      -      -      0       0      0      0       0      0      -      0      0      0      0      0      0      0      0      0      0      0      0      0      0      0      0      0      0      0      0      0      0      0      0      0      0      0      0      0      0      0      0      0      0      0      0      0      0      0      0     
0x7f362f77cfa0           FSETP.GEU.AND P3, PT, R22, RZ, PT                      0      0      0      32768  1048576 1048576 32     32     0      0      -      -      -      0       0      0      0       0      0      -      0      0      0      0      0      0      0      0      0      0      0      0      0      0      0      0      0      0      0      0      0      0      0      0      0      0      0      0      0      0      0      0      0      0      0      0      0      0      0      0     
0x7f362f77cfb0     @!P4  FSEL R12, R12, R0, !P0                                 1      0      1      32768  1048576 1048576 32     32     0      0      -      -      -      0       0      0      0       0      0      -      0      0      0      0      0      0      0      0      0      0      0      0      0      0      0      0      0      0      1      0      0      0      0      0      0      0      0      0      0      0      0      0      0      0      0      0      0      0      0      0     
0x7f362f77cfc0           I2FP.F32.S32 R0, R3                                    0      0      0      32768  1048576 1048576 32     32     0      0      -      -      -      0       0      0      0       0      0      -      0      0      0      0      0      0      0      0      0      0      0      0      0      0      0      0      0      0      0      0      0      0      0      0      0      0      0      0      0      0      0      0      0      0      0      0      0      0      0      0     
0x7f362f77cfd0     @!P6  FSEL R14, R14, R6, !P2                                 0      0      0      32768  1048576 1048576 32     32     0      0      -      -      -      0       0      0      0       0      0      -      0      0      0      0      0      0      0      0      0      0      0      0      0      0      0      0      0      0      0      0      0      0      0      0      0      0      0      0      0      0      0      0      0      0      0      0      0      0      0      0     
0x7f362f77cfe0           FSEL R2, -R25, R25, !P1                                0      0      0      32768  1048576 1048576 32     32     0      0      -      -      -      0       0      0      0       0      0      -      0      0      0      0      0      0      0      0      0      0      0      0      0      0      0      0      0      0      0      0      0      0      0      0      0      0      0      0      0      0      0      0      0      0      0      0      0      0      0      0     
0x7f362f77cff0           FSETP.GEU.AND P1, PT, R24, RZ, PT                      1      0      1      32768  1048576 1048576 32     32     0      0      -      -      -      0       0      0      0       0      0      -      0      0      0      0      0      0      0      0      0      0      0      0      0      0      0      0      0      0      1      0      0      0      0      0      0      0      0      0      0      0      0      0      0      0      0      0      0      0      0      0     
0x7f362f77d000           FFMA R17, R0, R42, -R4                                 2      2      2      32768  1048576 1048576 32     32     0      0      -      -      -      0       0      0      0       0      0      -      0      0      0      0      0      0      0      0      0      0      0      0      0      0      0      0      0      0      0      0      0      0      2      0      0      0      0      0      0      0      0      0      0      0      0      0      0      0      0      2     
0x7f362f77d010           FSETP.GEU.AND P2, PT, R19, RZ, PT                      1      0      1      32768  1048576 1048576 32     32     0      0      -      -      -      0       0      0      0       0      0      -      0      0      0      0      0      0      0      0      0      0      0      0      0      0      0      0      0      0      1      0      0      0      0      0      0      0      0      0      0      0      0      0      0      0      0      0      0      0      0      0     
0x7f362f77d020           LDL.LU R4, [R1+0x4]                                    112    106    112    32768  1048576 1048576 32     32     0      0      Local  Load   32     0       0      0      0       0      131072 -      0      0      0      0      0      0      0      0      0      0      106    0      0      0      4      0      0      2      0      0      0      0      0      0      0      0      0      103    0      0      0      3      0      0      0      0      0      0      0      0     
0x7f362f77d030           FSETP.NAN.AND P5, PT, R2, R2, PT                       1      0      1      32768  1048576 1048576 32     32     0      0      -      -      -      0       0      0      0       0      0      -      0      0      0      0      0      0      0      0      0      0      0      0      0      0      0      0      0      0      1      0      0      0      0      0      0      0      0      0      0      0      0      0      0      0      0      0      0      0      0      0     
0x7f362f77d040           FSEL R9, -R24, R24, !P1                                1      0      1      32768  1048576 1048576 32     32     0      0      -      -      -      0       0      0      0       0      0      -      0      0      0      0      0      0      0      0      0      0      0      0      0      0      0      0      0      0      1      0      0      0      0      0      0      0      0      0      0      0      0      0      0      0      0      0      0      0      0      0     
0x7f362f77d050           FSETP.GEU.AND P0, PT, R23, RZ, PT                      0      0      0      32768  1048576 1048576 32     32     0      0      -      -      -      0       0      0      0       0      0      -      0      0      0      0      0      0      0      0      0      0      0      0      0      0      0      0      0      0      0      0      0      0      0      0      0      0      0      0      0      0      0      0      0      0      0      0      0      0      0      0     
0x7f362f77d060           FSEL R3, -R19, R19, !P2                                0      0      0      32768  1048576 1048576 32     32     0      0      -      -      -      0       0      0      0       0      0      -      0      0      0      0      0      0      0      0      0      0      0      0      0      0      0      0      0      0      0      0      0      0      0      0      0      0      0      0      0      0      0      0      0      0      0      0      0      0      0      0     
0x7f362f77d070           FSETP.GTU.AND P1, PT, R7, R2, PT                       0      0      0      32768  1048576 1048576 32     32     0      0      -      -      -      0       0      0      0       0      0      -      0      0      0      0      0      0      0      0      0      0      0      0      0      0      0      0      0      0      0      0      0      0      0      0      0      0      0      0      0      0      0      0      0      0      0      0      0      0      0      0     
0x7f362f77d080           FSEL R6, -R22, R22, !P3                                0      0      0      32768  1048576 1048576 32     32     0      0      -      -      -      0       0      0      0       0      0      -      0      0      0      0      0      0      0      0      0      0      0      0      0      0      0      0      0      0      0      0      0      0      0      0      0      0      0      0      0      0      0      0      0      0      0      0      0      0      0      0     
0x7f362f77d090           FSETP.NAN.AND P2, PT, R9, R9, PT                       0      0      0      32768  1048576 1048576 32     32     0      0      -      -      -      0       0      0      0       0      0      -      0      0      0      0      0      0      0      0      0      0      0      0      0      0      0      0      0      0      0      0      0      0      0      0      0      0      0      0      0      0      0      0      0      0      0      0      0      0      0      0     
0x7f362f77d0a0           FSEL R0, -R23, R23, !P0                                2      0      2      32768  1048576 1048576 32     32     0      0      -      -      -      0       0      0      0       0      0      -      0      0      0      0      0      0      0      0      0      0      0      0      0      0      0      0      0      0      2      0      0      0      0      0      0      0      0      0      0      0      0      0      0      0      0      0      0      0      0      0     
0x7f362f77d0b0           FSETP.GTU.AND P0, PT, R15, R9, PT                      0      0      0      32768  1048576 1048576 32     32     0      0      -      -      -      0       0      0      0       0      0      -      0      0      0      0      0      0      0      0      0      0      0      0      0      0      0      0      0      0      0      0      0      0      0      0      0      0      0      0      0      0      0      0      0      0      0      0      0      0      0      0     
0x7f362f77d0c0           FSETP.GEU.AND P3, PT, R21, RZ, PT                      1      0      1      32768  1048576 1048576 32     32     0      0      -      -      -      0       0      0      0       0      0      -      0      0      0      0      0      0      0      0      0      0      0      0      0      0      0      0      0      0      1      0      0      0      0      0      0      0      0      0      0      0      0      0      0      0      0      0      0      0      0      0     
0x7f362f77d0d0           FSETP.NAN.AND P6, PT, R6, R6, PT                       1      0      1      32768  1048576 1048576 32     32     0      0      -      -      -      0       0      0      0       0      0      -      0      0      0      0      0      0      0      0      0      0      0      0      0      0      0      0      0      0      1      0      0      0      0      0      0      0      0      0      0      0      0      0      0      0      0      0      0      0      0      0     
0x7f362f77d0e0     @!P5  FSEL R2, R2, R7, !P1                                   3      2      3      32768  1048576 1048576 32     32     0      0      -      -      -      0       0      0      0       0      0      -      0      0      0      0      0      0      0      0      0      0      0      0      0      0      0      0      0      0      1      0      0      0      2      0      0      0      0      0      0      0      0      0      0      0      0      0      0      0      0      2     
0x7f362f77d0f0           FSEL R10, -R21, R21, !P3                               0      0      0      32768  1048576 1048576 32     32     0      0      -      -      -      0       0      0      0       0      0      -      0      0      0      0      0      0      0      0      0      0      0      0      0      0      0      0      0      0      0      0      0      0      0      0      0      0      0      0      0      0      0      0      0      0      0      0      0      0      0      0     
0x7f362f77d100           FSETP.GTU.AND P3, PT, R8, R6, PT                       1      0      1      32768  1048576 1048576 32     32     0      0      -      -      -      0       0      0      0       0      0      -      0      0      0      0      0      0      0      0      0      0      0      0      0      0      0      0      0      0      1      0      0      0      0      0      0      0      0      0      0      0      0      0      0      0      0      0      0      0      0      0     
0x7f362f77d110     @!P2  FSEL R9, R9, R15, !P0                                  0      0      0      32768  1048576 1048576 32     32     0      0      -      -      -      0       0      0      0       0      0      -      0      0      0      0      0      0      0      0      0      0      0      0      0      0      0      0      0      0      0      0      0      0      0      0      0      0      0      0      0      0      0      0      0      0      0      0      0      0      0      0     
0x7f362f77d120           FSETP.GTU.AND P2, PT, R11, R3, PT                      1      0      1      32768  1048576 1048576 32     32     0      0      -      -      -      0       0      0      0       0      0      -      0      0      0      0      0      0      0      0      0      0      0      0      0      0      0      0      0      0      1      0      0      0      0      0      0      0      0      0      0      0      0      0      0      0      0      0      0      0      0      0     
0x7f362f77d130           FSETP.NAN.AND P4, PT, R10, R10, PT                     3      0      3      32768  1048576 1048576 32     32     0      0      -      -      -      0       0      0      0       0      0      -      0      0      0      0      0      0      0      0      0      0      0      0      0      0      0      0      0      0      3      0      0      0      0      0      0      0      0      0      0      0      0      0      0      0      0      0      0      0      0      0     
0x7f362f77d140           FSETP.GTU.AND P1, PT, R16, R10, PT                     0      0      0      32768  1048576 1048576 32     32     0      0      -      -      -      0       0      0      0       0      0      -      0      0      0      0      0      0      0      0      0      0      0      0      0      0      0      0      0      0      0      0      0      0      0      0      0      0      0      0      0      0      0      0      0      0      0      0      0      0      0      0     
0x7f362f77d150     @!P6  FSEL R6, R6, R8, !P3                                   0      0      0      32768  1048576 1048576 32     32     0      0      -      -      -      0       0      0      0       0      0      -      0      0      0      0      0      0      0      0      0      0      0      0      0      0      0      0      0      0      0      0      0      0      0      0      0      0      0      0      0      0      0      0      0      0      0      0      0      0      0      0     
0x7f362f77d160           FSETP.NAN.AND P6, PT, R3, R3, PT                       0      0      0      32768  1048576 1048576 32     32     0      0      -      -      -      0       0      0      0       0      0      -      0      0      0      0      0      0      0      0      0      0      0      0      0      0      0      0      0      0      0      0      0      0      0      0      0      0      0      0      0      0      0      0      0      0      0      0      0      0      0      0     
0x7f362f77d170           FSETP.GEU.AND P0, PT, R17, RZ, PT                      0      0      0      32768  1048576 1048576 32     32     0      0      -      -      -      0       0      0      0       0      0      -      0      0      0      0      0      0      0      0      0      0      0      0      0      0      0      0      0      0      0      0      0      0      0      0      0      0      0      0      0      0      0      0      0      0      0      0      0      0      0      0     
0x7f362f77d180           FSETP.GEU.AND P3, PT, R20, RZ, PT                      1      0      1      32768  1048576 1048576 32     32     0      0      -      -      -      0       0      0      0       0      0      -      0      0      0      0      0      0      0      0      0      0      0      0      0      0      0      0      0      0      1      0      0      0      0      0      0      0      0      0      0      0      0      0      0      0      0      0      0      0      0      0     
0x7f362f77d190           FSEL R7, -R17, R17, !P0                                1      1      1      32768  1048576 1048576 32     32     0      0      -      -      -      0       0      0      0       0      0      -      0      0      0      0      0      0      0      0      0      0      0      0      0      0      0      0      0      0      0      0      0      0      1      0      0      0      0      0      0      0      0      0      0      0      0      0      0      0      0      1     
0x7f362f77d1a0           FSEL R8, -R20, R20, !P3                                0      0      0      32768  1048576 1048576 32     32     0      0      -      -      -      0       0      0      0       0      0      -      0      0      0      0      0      0      0      0      0      0      0      0      0      0      0      0      0      0      0      0      0      0      0      0      0      0      0      0      0      0      0      0      0      0      0      0      0      0      0      0     
0x7f362f77d1b0           FSETP.NAN.AND P3, PT, R0, R0, PT                       0      0      0      32768  1048576 1048576 32     32     0      0      -      -      -      0       0      0      0       0      0      -      0      0      0      0      0      0      0      0      0      0      0      0      0      0      0      0      0      0      0      0      0      0      0      0      0      0      0      0      0      0      0      0      0      0      0      0      0      0      0      0     
0x7f362f77d1c0     @!P4  FSEL R10, R10, R16, !P1                                1      0      1      32768  1048576 1048576 32     32     0      0      -      -      -      0       0      0      0       0      0      -      0      0      0      0      0      0      0      0      0      0      0      0      0      0      0      0      0      0      1      0      0      0      0      0      0      0      0      0      0      0      0      0      0      0      0      0      0      0      0      0     
0x7f362f77d1d0           FSETP.NAN.AND P4, PT, R6, R6, PT                       0      0      0      32768  1048576 1048576 32     32     0      0      -      -      -      0       0      0      0       0      0      -      0      0      0      0      0      0      0      0      0      0      0      0      0      0      0      0      0      0      0      0      0      0      0      0      0      0      0      0      0      0      0      0      0      0      0      0      0      0      0      0     
0x7f362f77d1e0           FSETP.NAN.AND P5, PT, R8, R8, PT                       1      0      1      32768  1048576 1048576 32     32     0      0      -      -      -      0       0      0      0       0      0      -      0      0      0      0      0      0      0      0      0      0      0      0      0      0      0      0      0      0      1      0      0      0      0      0      0      0      0      0      0      0      0      0      0      0      0      0      0      0      0      0     
0x7f362f77d1f0     @!P6  FSEL R3, R3, R11, !P2                                  0      0      0      32768  1048576 1048576 32     32     0      0      -      -      -      0       0      0      0       0      0      -      0      0      0      0      0      0      0      0      0      0      0      0      0      0      0      0      0      0      0      0      0      0      0      0      0      0      0      0      0      0      0      0      0      0      0      0      0      0      0      0     
0x7f362f77d200           FSETP.NAN.AND P2, PT, R2, R2, PT                       0      0      0      32768  1048576 1048576 32     32     0      0      -      -      -      0       0      0      0       0      0      -      0      0      0      0      0      0      0      0      0      0      0      0      0      0      0      0      0      0      0      0      0      0      0      0      0      0      0      0      0      0      0      0      0      0      0      0      0      0      0      0     
0x7f362f77d210           FSETP.GTU.AND P0, PT, R10, R6, PT                      1      0      1      32768  1048576 1048576 32     32     0      0      -      -      -      0       0      0      0       0      0      -      0      0      0      0      0      0      0      0      0      0      0      0      0      0      0      0      0      0      1      0      0      0      0      0      0      0      0      0      0      0      0      0      0      0      0      0      0      0      0      0     
0x7f362f77d220           FSETP.GTU.AND P1, PT, R13, R0, PT                      1      0      1      32768  1048576 1048576 32     32     0      0      -      -      -      0       0      0      0       0      0      -      0      0      0      0      0      0      0      0      0      0      0      0      0      0      0      0      0      0      1      0      0      0      0      0      0      0      0      0      0      0      0      0      0      0      0      0      0      0      0      0     
0x7f362f77d230     @!P3  FSEL R0, R0, R13, !P1                                  3      2      3      32768  1048576 1048576 32     32     0      0      -      -      -      0       0      0      0       0      0      -      0      0      0      0      0      0      0      0      0      0      0      0      0      0      0      0      0      1      0      0      0      0      2      0      0      0      0      0      0      0      0      0      0      0      0      0      0      0      0      2     
0x7f362f77d240           FSETP.NAN.AND P3, PT, R7, R7, PT                       0      0      0      32768  1048576 1048576 32     32     0      0      -      -      -      0       0      0      0       0      0      -      0      0      0      0      0      0      0      0      0      0      0      0      0      0      0      0      0      0      0      0      0      0      0      0      0      0      0      0      0      0      0      0      0      0      0      0      0      0      0      0     
0x7f362f77d250           FSETP.GTU.AND P1, PT, R14, R8, PT                      0      0      0      32768  1048576 1048576 32     32     0      0      -      -      -      0       0      0      0       0      0      -      0      0      0      0      0      0      0      0      0      0      0      0      0      0      0      0      0      0      0      0      0      0      0      0      0      0      0      0      0      0      0      0      0      0      0      0      0      0      0      0     
0x7f362f77d260     @!P4  FSEL R6, R6, R10, !P0                                  0      0      0      32768  1048576 1048576 32     32     0      0      -      -      -      0       0      0      0       0      0      -      0      0      0      0      0      0      0      0      0      0      0      0      0      0      0      0      0      0      0      0      0      0      0      0      0      0      0      0      0      0      0      0      0      0      0      0      0      0      0      0     
0x7f362f77d270           FSETP.GTU.AND P0, PT, R9, R2, PT                       0      0      0      32768  1048576 1048576 32     32     0      0      -      -      -      0       0      0      0       0      0      -      0      0      0      0      0      0      0      0      0      0      0      0      0      0      0      0      0      0      0      0      0      0      0      0      0      0      0      0      0      0      0      0      0      0      0      0      0      0      0      0     
0x7f362f77d280           FSETP.NAN.AND P4, PT, R0, R0, PT                       0      0      0      32768  1048576 1048576 32     32     0      0      -      -      -      0       0      0      0       0      0      -      0      0      0      0      0      0      0      0      0      0      0      0      0      0      0      0      0      0      0      0      0      0      0      0      0      0      0      0      0      0      0      0      0      0      0      0      0      0      0      0     
0x7f362f77d290     @!P5  FSEL R8, R8, R14, !P1                                  1      0      1      32768  1048576 1048576 32     32     0      0      -      -      -      0       0      0      0       0      0      -      0      0      0      0      0      0      0      0      1      0      0      0      0      0      0      0      0      0      0      0      0      0      0      0      0      0      0      0      0      0      0      0      0      0      0      0      0      0      0      0     
0x7f362f77d2a0           FSETP.NAN.AND P5, PT, R3, R3, PT                       0      0      0      32768  1048576 1048576 32     32     0      0      -      -      -      0       0      0      0       0      0      -      0      0      0      0      0      0      0      0      0      0      0      0      0      0      0      0      0      0      0      0      0      0      0      0      0      0      0      0      0      0      0      0      0      0      0      0      0      0      0      0     
0x7f362f77d2b0     @!P2  FSEL R2, R2, R9, !P0                                   2      0      2      32768  1048576 1048576 32     32     0      0      -      -      -      0       0      0      0       0      0      -      0      0      0      0      0      0      0      0      0      0      0      0      0      0      0      0      0      0      2      0      0      0      0      0      0      0      0      0      0      0      0      0      0      0      0      0      0      0      0      0     
0x7f362f77d2c0           FSETP.GTU.AND P1, PT, R12, R7, PT                      0      0      0      32768  1048576 1048576 32     32     0      0      -      -      -      0       0      0      0       0      0      -      0      0      0      0      0      0      0      0      0      0      0      0      0      0      0      0      0      0      0      0      0      0      0      0      0      0      0      0      0      0      0      0      0      0      0      0      0      0      0      0     
0x7f362f77d2d0           FSETP.GTU.AND P0, PT, R2, R0, PT                       1      1      1      32768  1048576 1048576 32     32     0      0      -      -      -      0       0      0      0       0      0      -      0      0      0      0      0      0      0      0      0      0      0      0      0      0      0      0      0      0      0      0      0      0      1      0      0      0      0      0      0      0      0      0      0      0      0      0      0      0      0      1     
0x7f362f77d2e0     @!P3  FSEL R7, R7, R12, !P1                                  0      0      0      32768  1048576 1048576 32     32     0      0      -      -      -      0       0      0      0       0      0      -      0      0      0      0      0      0      0      0      0      0      0      0      0      0      0      0      0      0      0      0      0      0      0      0      0      0      0      0      0      0      0      0      0      0      0      0      0      0      0      0     
0x7f362f77d2f0           FSETP.GTU.AND P1, PT, R6, R3, PT                       0      0      0      32768  1048576 1048576 32     32     0      0      -      -      -      0       0      0      0       0      0      -      0      0      0      0      0      0      0      0      0      0      0      0      0      0      0      0      0      0      0      0      0      0      0      0      0      0      0      0      0      0      0      0      0      0      0      0      0      0      0      0     
0x7f362f77d300           FSETP.NAN.AND P3, PT, R8, R8, PT                       2      0      2      32768  1048576 1048576 32     32     0      0      -      -      -      0       0      0      0       0      0      -      0      0      0      0      0      0      0      0      0      0      0      0      0      0      0      0      0      0      2      0      0      0      0      0      0      0      0      0      0      0      0      0      0      0      0      0      0      0      0      0     
0x7f362f77d310     @!P4  FSEL R0, R0, R2, !P0                                   0      0      0      32768  1048576 1048576 32     32     0      0      -      -      -      0       0      0      0       0      0      -      0      0      0      0      0      0      0      0      0      0      0      0      0      0      0      0      0      0      0      0      0      0      0      0      0      0      0      0      0      0      0      0      0      0      0      0      0      0      0      0     
0x7f362f77d320           FSETP.NAN.AND P2, PT, R7, R7, PT                       2      0      2      32768  1048576 1048576 32     32     0      0      -      -      -      0       0      0      0       0      0      -      0      0      0      0      0      0      0      0      0      0      0      0      0      0      0      0      0      0      2      0      0      0      0      0      0      0      0      0      0      0      0      0      0      0      0      0      0      0      0      0     
0x7f362f77d330     @!P5  FSEL R3, R3, R6, !P1                                   1      0      1      32768  1048576 1048576 32     32     0      0      -      -      -      0       0      0      0       0      0      -      0      0      0      0      0      0      0      0      0      0      0      0      0      0      0      0      0      0      1      0      0      0      0      0      0      0      0      0      0      0      0      0      0      0      0      0      0      0      0      0     
0x7f362f77d340           FSETP.GTU.AND P0, PT, R0, R7, PT                       0      0      0      32768  1048576 1048576 32     32     0      0      -      -      -      0       0      0      0       0      0      -      0      0      0      0      0      0      0      0      0      0      0      0      0      0      0      0      0      0      0      0      0      0      0      0      0      0      0      0      0      0      0      0      0      0      0      0      0      0      0      0     
0x7f362f77d350           FSETP.GTU.AND P1, PT, R3, R8, PT                       1      0      1      32768  1048576 1048576 32     32     0      0      -      -      -      0       0      0      0       0      0      -      0      0      0      0      0      0      0      0      0      0      0      0      0      0      0      0      0      0      0      0      0      0      1      0      0      0      0      0      0      0      0      0      0      0      0      0      0      0      0      0     
0x7f362f77d360     @!P3  FSEL R8, R8, R3, !P1                                   6      3      6      32768  1048576 1048576 32     32     0      0      -      -      -      0       0      0      0       0      0      -      0      0      0      0      0      0      0      0      0      0      0      0      0      0      0      0      0      0      2      0      0      0      4      0      0      0      0      0      0      0      0      0      0      0      0      0      0      0      0      3     
0x7f362f77d370     @!P2  FSEL R7, R7, R0, !P0                                   0      0      0      32768  1048576 1048576 32     32     0      0      -      -      -      0       0      0      0       0      0      -      0      0      0      0      0      0      0      0      0      0      0      0      0      0      0      0      0      0      0      0      0      0      0      0      0      0      0      0      0      0      0      0      0      0      0      0      0      0      0      0     
0x7f362f77d380           FSETP.GEU.AND P0, PT, R7, R8, PT                       2      0      2      32768  1048576 1048576 32     32     0      0      -      -      -      0       0      0      0       0      0      -      0      0      0      0      0      0      0      0      0      0      0      0      0      0      0      0      0      0      2      0      0      0      0      0      0      0      0      0      0      0      0      0      0      0      0      0      0      0      0      0     
0x7f362f77d390           SEL R8, R28, R31, !P0                                  1      1      1      32768  1048576 1048576 32     32     0      0      -      -      -      0       0      0      0       0      0      -      0      0      0      0      0      0      0      0      0      0      0      0      0      0      0      0      0      0      0      0      0      0      1      0      0      0      0      0      0      0      0      0      0      0      0      0      0      0      0      1     
0x7f362f77d3a0           SEL R9, R30, R33, !P0                                  0      0      0      32768  1048576 1048576 32     32     0      0      -      -      -      0       0      0      0       0      0      -      0      0      0      0      0      0      0      0      0      0      0      0      0      0      0      0      0      0      0      0      0      0      0      0      0      0      0      0      0      0      0      0      0      0      0      0      0      0      0      0     
0x7f362f77d3b0           IMAD.SHL.U32 R10, R58, 0x1000, RZ                      568    502    568    32768  1048576 1048576 32     32     0      0      -      -      -      0       0      0      0       0      0      -      0      0      0      0      0      0      0      0      0      0      0      568    0      0      0      0      0      0      0      0      0      0      0      0      0      0      0      0      502    0      0      0      0      0      0      0      0      0      0      0     
0x7f362f77d3c0           SHF.R.S32.HI R11, RZ, 0x1f, R10                        2      1      2      32768  1048576 1048576 32     32     0      0      -      -      -      0       0      0      0       0      0      -      0      0      0      0      0      0      0      0      0      0      0      0      1      0      0      0      0      0      0      0      0      0      1      0      0      0      0      0      0      1      0      0      0      0      0      0      0      0      0      0     
0x7f362f77d3d0           SHF.R.S32.HI R55, RZ, 0x1f, R54                        126    117    126    32768  1048576 1048576 32     32     0      0      -      -      -      0       0      0      0       0      0      -      0      0      0      0      0      0      0      0      0      0      0      124    0      0      0      0      0      2      0      0      0      0      0      0      0      0      0      0      117    0      0      0      0      0      0      0      0      0      0      0     
0x7f362f77d3e0           IADD.64 R6, R10, R54                                   1      1      1      32768  1048576 1048576 32     32     0      0      -      -      -      0       0      0      0       0      0      -      0      0      0      0      0      0      0      0      0      0      0      0      0      0      0      0      0      0      0      0      0      0      1      0      0      0      0      0      0      0      0      0      0      0      0      0      0      0      0      1     
0x7f362f77d3f0           SEL R10, R29, R32, !P0                                 0      0      0      32768  1048576 1048576 32     32     0      0      -      -      -      0       0      0      0       0      0      -      0      0      0      0      0      0      0      0      0      0      0      0      0      0      0      0      0      0      0      0      0      0      0      0      0      0      0      0      0      0      0      0      0      0      0      0      0      0      0      0     
0x7f362f77d400           SEL R11, R26, R27, !P0                                 0      0      0      32768  1048576 1048576 32     32     0      0      -      -      -      0       0      0      0       0      0      -      0      0      0      0      0      0      0      0      0      0      0      0      0      0      0      0      0      0      0      0      0      0      0      0      0      0      0      0      0      0      0      0      0      0      0      0      0      0      0      0     
0x7f362f77d410           IADD.64 R6, R6, UR6                                    0      0      0      32768  1048576 1048576 32     32     0      0      -      -      -      0       0      0      0       0      0      -      0      0      0      0      0      0      0      0      0      0      0      0      0      0      0      0      0      0      0      0      0      0      0      0      0      0      0      0      0      0      0      0      0      0      0      0      0      0      0      0     
0x7f362f77d420           SHF.R.S32.HI R3, RZ, 0x1f, R48                         279    255    279    32768  1048576 1048576 32     32     0      0      -      -      -      0       0      0      0       0      0      -      0      0      0      0      0      0      0      0      0      0      0      278    1      0      0      0      0      0      0      0      0      0      0      0      0      0      0      0      254    1      0      0      0      0      0      0      0      0      0      0     
0x7f362f77d430           MOV R2, R48                                            0      0      0      32768  1048576 1048576 32     32     0      0      -      -      -      0       0      0      0       0      0      -      0      0      0      0      0      0      0      0      0      0      0      0      0      0      0      0      0      0      0      0      0      0      0      0      0      0      0      0      0      0      0      0      0      0      0      0      0      0      0      0     
0x7f362f77d440           IADD3 R48, PT, PT, R48, UR5, RZ                        0      0      0      32768  1048576 1048576 32     32     0      0      -      -      -      0       0      0      0       0      0      -      0      0      0      0      0      0      0      0      0      0      0      0      0      0      0      0      0      0      0      0      0      0      0      0      0      0      0      0      0      0      0      0      0      0      0      0      0      0      0      0     
0x7f362f77d450           IADD.64 R2, R2, UR8                                    2      1      2      32768  1048576 1048576 32     32     0      0      -      -      -      0       0      0      0       0      0      -      0      0      0      0      0      0      0      0      0      0      0      0      0      0      0      0      0      0      1      0      0      0      1      0      0      0      0      0      0      0      0      0      0      0      0      0      0      0      0      1     
0x7f362f77d460     @!P0  LOP3.LUT R5, R5, 0x80, RZ, 0x3c, !PT                   2      2      2      32768  1048576 777901  32     23     9      0      -      -      -      0       0      0      0       0      0      -      0      0      0      0      0      0      0      0      0      0      0      0      0      0      0      0      0      0      0      0      0      0      2      0      0      0      0      0      0      0      0      0      0      0      0      0      0      0      0      2     
0x7f362f77d470           ISETP.GE.AND P0, PT, R48, UR4, PT                      0      0      0      32768  1048576 1048576 32     32     0      0      -      -      -      0       0      0      0       0      0      -      0      0      0      0      0      0      0      0      0      0      0      0      0      0      0      0      0      0      0      0      0      0      0      0      0      0      0      0      0      0      0      0      0      0      0      0      0      0      0      0     
0x7f362f77d480           STG.E.U8 desc[UR10][R2.64], R5                         82     79     82     32768  1048576 1048576 32     32     0      0      Global Store  8      32768   0      0      32768   32768  0             0      0      0      0      0      0      0      0      0      0      81     0      0      0      1      0      0      0      0      0      0      0      0      0      0      0      0      78     0      0      0      1      0      0      0      0      0      0      0      0     
0x7f362f77d490           STG.E.128 desc[UR10][R6.64], R8                        125    124    125    32768  1048576 1048576 32     32     0      0      Global Store  128    131072  0      0      524288  524288 0             0      0      0      0      0      0      0      0      0      0      119    0      0      0      5      0      0      0      0      0      0      0      1      0      0      0      0      118    0      0      0      5      0      0      0      0      0      0      0      1     
0x7f362f77d4a0     @!P0  BRA 0x7f362f779a10                                     3      3      3      32768  1048576 0       32     0      32     0      -      -      -      0       0      0      0       0      0      -      0      0      0      0      0      0      0      0      0      0      0      0      0      0      0      0      0      0      0      0      0      0      3      0      0      0      0      0      0      0      0      0      0      0      0      0      0      0      0      3     
0x7f362f77d4b0           EXIT                                                   4      1      4      32768  1048576 1048576 32     32     0      0      -      -      -      0       0      0      0       0      0      -      0      0      0      0      0      0      0      0      0      0      0      0      0      0      0      0      0      0      2      0      0      0      2      0      0      0      0      0      0      0      0      0      0      0      0      0      0      0      0      1     
0x7f362f77d4c0           SHF.R.U32.HI R3, RZ, 0x17, R4                          759    705    759    0      0       0       0      0      32     0      -      -      -      0       0      0      0       0      0      -      0      0      0      0      0      0      0      3      0      754    0      0      0      0      0      2      0      0      0      0      0      0      0      0      3      0      700    0      0      0      0      0      2      0      0      0      0      0      0      0     
0x7f362f77d4d0           BSSY.RECONVERGENT B1, 0x7f362f77db20                   0      0      0      0      0       0       0      0      32     0      -      -      -      0       0      0      0       0      0      -      0      0      0      0      0      0      0      0      0      0      0      0      0      0      0      0      0      0      0      0      0      0      0      0      0      0      0      0      0      0      0      0      0      0      0      0      0      0      0      0     
0x7f362f77d4e0           SHF.R.U32.HI R6, RZ, 0x17, R2                          0      0      0      0      0       0       0      0      32     0      -      -      -      0       0      0      0       0      0      -      0      0      0      0      0      0      0      0      0      0      0      0      0      0      0      0      0      0      0      0      0      0      0      0      0      0      0      0      0      0      0      0      0      0      0      0      0      0      0      0     
0x7f362f77d4f0           LOP3.LUT R11, R3, 0xff, RZ, 0xc0, !PT                  0      0      0      0      0       0       0      0      32     0      -      -      -      0       0      0      0       0      0      -      0      0      0      0      0      0      0      0      0      0      0      0      0      0      0      0      0      0      0      0      0      0      0      0      0      0      0      0      0      0      0      0      0      0      0      0      0      0      0      0     
0x7f362f77d500           LOP3.LUT R8, R6, 0xff, RZ, 0xc0, !PT                   0      0      0      0      0       0       0      0      32     0      -      -      -      0       0      0      0       0      0      -      0      0      0      0      0      0      0      0      0      0      0      0      0      0      0      0      0      0      0      0      0      0      0      0      0      0      0      0      0      0      0      0      0      0      0      0      0      0      0      0     
0x7f362f77d510           MOV R3, R4                                             0      0      0      0      0       0       0      0      32     0      -      -      -      0       0      0      0       0      0      -      0      0      0      0      0      0      0      0      0      0      0      0      0      0      0      0      0      0      0      0      0      0      0      0      0      0      0      0      0      0      0      0      0      0      0      0      0      0      0      0     
0x7f362f77d520           IADD3 R6, PT, PT, R11, -0x1, RZ                        0      0      0      0      0       0       0      0      32     0      -      -      -      0       0      0      0       0      0      -      0      0      0      0      0      0      0      0      0      0      0      0      0      0      0      0      0      0      0      0      0      0      0      0      0      0      0      0      0      0      0      0      0      0      0      0      0      0      0      0     
0x7f362f77d530           IADD3 R7, PT, PT, R8, -0x1, RZ                         0      0      0      0      0       0       0      0      32     0      -      -      -      0       0      0      0       0      0      -      0      0      0      0      0      0      0      0      0      0      0      0      0      0      0      0      0      0      0      0      0      0      0      0      0      0      0      0      0      0      0      0      0      0      0      0      0      0      0      0     
0x7f362f77d540           ISETP.GT.U32.AND P0, PT, R6, 0xfd, PT                  0      0      0      0      0       0       0      0      32     0      -      -      -      0       0      0      0       0      0      -      0      0      0      0      0      0      0      0      0      0      0      0      0      0      0      0      0      0      0      0      0      0      0      0      0      0      0      0      0      0      0      0      0      0      0      0      0      0      0      0     
0x7f362f77d550           ISETP.GT.U32.OR P0, PT, R7, 0xfd, P0                   0      0      0      0      0       0       0      0      32     0      -      -      -      0       0      0      0       0      0      -      0      0      0      0      0      0      0      0      0      0      0      0      0      0      0      0      0      0      0      0      0      0      0      0      0      0      0      0      0      0      0      0      0      0      0      0      0      0      0      0     
0x7f362f77d560     @!P0  MOV R9, RZ                                             0      0      0      0      0       0       0      0      32     0      -      -      -      0       0      0      0       0      0      -      0      0      0      0      0      0      0      0      0      0      0      0      0      0      0      0      0      0      0      0      0      0      0      0      0      0      0      0      0      0      0      0      0      0      0      0      0      0      0      0     
0x7f362f77d570     @!P0  BRA 0x7f362f77d6f0                                     0      0      0      0      0       0       0      0      32     0      -      -      -      0       0      0      0       0      0      -      0      0      0      0      0      0      0      0      0      0      0      0      0      0      0      0      0      0      0      0      0      0      0      0      0      0      0      0      0      0      0      0      0      0      0      0      0      0      0      0     
0x7f362f77d580           FSETP.GTU.FTZ.AND P1, PT, |R2|, +INF , PT              0      0      0      0      0       0       0      0      32     0      -      -      -      0       0      0      0       0      0      -      0      0      0      0      0      0      0      0      0      0      0      0      0      0      0      0      0      0      0      0      0      0      0      0      0      0      0      0      0      0      0      0      0      0      0      0      0      0      0      0     
0x7f362f77d590           FSETP.GTU.FTZ.AND P0, PT, |R4|, +INF , PT              0      0      0      0      0       0       0      0      32     0      -      -      -      0       0      0      0       0      0      -      0      0      0      0      0      0      0      0      0      0      0      0      0      0      0      0      0      0      0      0      0      0      0      0      0      0      0      0      0      0      0      0      0      0      0      0      0      0      0      0     
0x7f362f77d5a0           PLOP3.LUT P0, PT, P1, P0, PT, 0xf8, 0x8f               0      0      0      0      0       0       0      0      32     0      -      -      -      0       0      0      0       0      0      -      0      0      0      0      0      0      0      0      0      0      0      0      0      0      0      0      0      0      0      0      0      0      0      0      0      0      0      0      0      0      0      0      0      0      0      0      0      0      0      0     
0x7f362f77d5b0     @P0   BRA 0x7f362f77db00                                     0      0      0      0      0       0       0      0      32     0      -      -      -      0       0      0      0       0      0      -      0      0      0      0      0      0      0      0      0      0      0      0      0      0      0      0      0      0      0      0      0      0      0      0      0      0      0      0      0      0      0      0      0      0      0      0      0      0      0      0     
0x7f362f77d5c0           LOP3.LUT P0, RZ, R3, 0x7fffffff, R2, 0xc8, !PT         0      0      0      0      0       0       0      0      32     0      -      -      -      0       0      0      0       0      0      -      0      0      0      0      0      0      0      0      0      0      0      0      0      0      0      0      0      0      0      0      0      0      0      0      0      0      0      0      0      0      0      0      0      0      0      0      0      0      0      0     
0x7f362f77d5d0     @!P0  BRA 0x7f362f77dae0                                     0      0      0      0      0       0       0      0      32     0      -      -      -      0       0      0      0       0      0      -      0      0      0      0      0      0      0      0      0      0      0      0      0      0      0      0      0      0      0      0      0      0      0      0      0      0      0      0      0      0      0      0      0      0      0      0      0      0      0      0     
0x7f362f77d5e0           FSETP.NEU.FTZ.AND P0, PT, |R2|, +INF , PT              0      0      0      0      0       0       0      0      32     0      -      -      -      0       0      0      0       0      0      -      0      0      0      0      0      0      0      0      0      0      0      0      0      0      0      0      0      0      0      0      0      0      0      0      0      0      0      0      0      0      0      0      0      0      0      0      0      0      0      0     
0x7f362f77d5f0           FSETP.NEU.FTZ.AND P1, PT, |R4|, +INF , PT              0      0      0      0      0       0       0      0      32     0      -      -      -      0       0      0      0       0      0      -      0      0      0      0      0      0      0      0      0      0      0      0      0      0      0      0      0      0      0      0      0      0      0      0      0      0      0      0      0      0      0      0      0      0      0      0      0      0      0      0     
0x7f362f77d600           FSETP.NEU.FTZ.AND P2, PT, |R2|, +INF , PT              0      0      0      0      0       0       0      0      32     0      -      -      -      0       0      0      0       0      0      -      0      0      0      0      0      0      0      0      0      0      0      0      0      0      0      0      0      0      0      0      0      0      0      0      0      0      0      0      0      0      0      0      0      0      0      0      0      0      0      0     
0x7f362f77d610     @!P1  BRA !P0, 0x7f362f77dae0                                0      0      0      0      0       0       0      0      32     0      -      -      -      0       0      0      0       0      0      -      0      0      0      0      0      0      0      0      0      0      0      0      0      0      0      0      0      0      0      0      0      0      0      0      0      0      0      0      0      0      0      0      0      0      0      0      0      0      0      0     
0x7f362f77d620           LOP3.LUT P0, RZ, R2, 0x7fffffff, RZ, 0xc0, !PT         0      0      0      0      0       0       0      0      32     0      -      -      -      0       0      0      0       0      0      -      0      0      0      0      0      0      0      0      0      0      0      0      0      0      0      0      0      0      0      0      0      0      0      0      0      0      0      0      0      0      0      0      0      0      0      0      0      0      0      0     
0x7f362f77d630           PLOP3.LUT P0, PT, P1, P0, PT, 0x2f, 0xf2               0      0      0      0      0       0       0      0      32     0      -      -      -      0       0      0      0       0      0      -      0      0      0      0      0      0      0      0      0      0      0      0      0      0      0      0      0      0      0      0      0      0      0      0      0      0      0      0      0      0      0      0      0      0      0      0      0      0      0      0     
0x7f362f77d640     @P0   BRA 0x7f362f77dac0                                     0      0      0      0      0       0       0      0      32     0      -      -      -      0       0      0      0       0      0      -      0      0      0      0      0      0      0      0      0      0      0      0      0      0      0      0      0      0      0      0      0      0      0      0      0      0      0      0      0      0      0      0      0      0      0      0      0      0      0      0     
0x7f362f77d650           LOP3.LUT P0, RZ, R3, 0x7fffffff, RZ, 0xc0, !PT         0      0      0      0      0       0       0      0      32     0      -      -      -      0       0      0      0       0      0      -      0      0      0      0      0      0      0      0      0      0      0      0      0      0      0      0      0      0      0      0      0      0      0      0      0      0      0      0      0      0      0      0      0      0      0      0      0      0      0      0     
0x7f362f77d660           PLOP3.LUT P0, PT, P2, P0, PT, 0x2f, 0xf2               0      0      0      0      0       0       0      0      32     0      -      -      -      0       0      0      0       0      0      -      0      0      0      0      0      0      0      0      0      0      0      0      0      0      0      0      0      0      0      0      0      0      0      0      0      0      0      0      0      0      0      0      0      0      0      0      0      0      0      0     
0x7f362f77d670     @P0   BRA 0x7f362f77da90                                     0      0      0      0      0       0       0      0      32     0      -      -      -      0       0      0      0       0      0      -      0      0      0      0      0      0      0      0      0      0      0      0      0      0      0      0      0      0      0      0      0      0      0      0      0      0      0      0      0      0      0      0      0      0      0      0      0      0      0      0     
0x7f362f77d680           ISETP.GE.AND P1, PT, R7, RZ, PT                        0      0      0      0      0       0       0      0      32     0      -      -      -      0       0      0      0       0      0      -      0      0      0      0      0      0      0      0      0      0      0      0      0      0      0      0      0      0      0      0      0      0      0      0      0      0      0      0      0      0      0      0      0      0      0      0      0      0      0      0     
0x7f362f77d690           ISETP.GE.AND P0, PT, R6, RZ, PT                        0      0      0      0      0       0       0      0      32     0      -      -      -      0       0      0      0       0      0      -      0      0      0      0      0      0      0      0      0      0      0      0      0      0      0      0      0      0      0      0      0      0      0      0      0      0      0      0      0      0      0      0      0      0      0      0      0      0      0      0     
0x7f362f77d6a0     @P1   MOV R9, RZ                                             0      0      0      0      0       0       0      0      32     0      -      -      -      0       0      0      0       0      0      -      0      0      0      0      0      0      0      0      0      0      0      0      0      0      0      0      0      0      0      0      0      0      0      0      0      0      0      0      0      0      0      0      0      0      0      0      0      0      0      0     
0x7f362f77d6b0     @!P1  MOV R9, 0xffffffc0                                     0      0      0      0      0       0       0      0      32     0      -      -      -      0       0      0      0       0      0      -      0      0      0      0      0      0      0      0      0      0      0      0      0      0      0      0      0      0      0      0      0      0      0      0      0      0      0      0      0      0      0      0      0      0      0      0      0      0      0      0     
0x7f362f77d6c0     @!P1  FFMA R2, R2, 1.84467440737095516160e+19, RZ            0      0      0      0      0       0       0      0      32     0      -      -      -      0       0      0      0       0      0      -      0      0      0      0      0      0      0      0      0      0      0      0      0      0      0      0      0      0      0      0      0      0      0      0      0      0      0      0      0      0      0      0      0      0      0      0      0      0      0      0     
0x7f362f77d6d0     @!P0  FFMA R3, R4, 1.84467440737095516160e+19, RZ            0      0      0      0      0       0       0      0      32     0      -      -      -      0       0      0      0       0      0      -      0      0      0      0      0      0      0      0      0      0      0      0      0      0      0      0      0      0      0      0      0      0      0      0      0      0      0      0      0      0      0      0      0      0      0      0      0      0      0      0     
0x7f362f77d6e0     @!P0  IADD3 R9, PT, PT, R9, 0x40, RZ                         0      0      0      0      0       0       0      0      32     0      -      -      -      0       0      0      0       0      0      -      0      0      0      0      0      0      0      0      0      0      0      0      0      0      0      0      0      0      0      0      0      0      0      0      0      0      0      0      0      0      0      0      0      0      0      0      0      0      0      0     
0x7f362f77d6f0           LEA R6, R11, 0xc0800000, 0x17                          0      0      0      0      0       0       0      0      32     0      -      -      -      0       0      0      0       0      0      -      0      0      0      0      0      0      0      0      0      0      0      0      0      0      0      0      0      0      0      0      0      0      0      0      0      0      0      0      0      0      0      0      0      0      0      0      0      0      0      0     
0x7f362f77d700           BSSY.RECONVERGENT B0, 0x7f362f77da70                   0      0      0      0      0       0       0      0      32     0      -      -      -      0       0      0      0       0      0      -      0      0      0      0      0      0      0      0      0      0      0      0      0      0      0      0      0      0      0      0      0      0      0      0      0      0      0      0      0      0      0      0      0      0      0      0      0      0      0      0     
0x7f362f77d710           IADD3 R10, PT, PT, R8, -0x7f, RZ                       0      0      0      0      0       0       0      0      32     0      -      -      -      0       0      0      0       0      0      -      0      0      0      0      0      0      0      0      0      0      0      0      0      0      0      0      0      0      0      0      0      0      0      0      0      0      0      0      0      0      0      0      0      0      0      0      0      0      0      0     
0x7f362f77d720           IADD3 R3, PT, PT, -R6, R3, RZ                          0      0      0      0      0       0       0      0      32     0      -      -      -      0       0      0      0       0      0      -      0      0      0      0      0      0      0      0      0      0      0      0      0      0      0      0      0      0      0      0      0      0      0      0      0      0      0      0      0      0      0      0      0      0      0      0      0      0      0      0     
0x7f362f77d730           IMAD R2, R10, -0x800000, R2                            0      0      0      0      0       0       0      0      32     0      -      -      -      0       0      0      0       0      0      -      0      0      0      0      0      0      0      0      0      0      0      0      0      0      0      0      0      0      0      0      0      0      0      0      0      0      0      0      0      0      0      0      0      0      0      0      0      0      0      0     
0x7f362f77d740           MUFU.RCP R6, R3                                        0      0      0      0      0       0       0      0      32     0      -      -      -      0       0      0      0       0      0      -      0      0      0      0      0      0      0      0      0      0      0      0      0      0      0      0      0      0      0      0      0      0      0      0      0      0      0      0      0      0      0      0      0      0      0      0      0      0      0      0     
0x7f362f77d750           FADD.FTZ R3, -R3, -RZ                                  0      0      0      0      0       0       0      0      32     0      -      -      -      0       0      0      0       0      0      -      0      0      0      0      0      0      0      0      0      0      0      0      0      0      0      0      0      0      0      0      0      0      0      0      0      0      0      0      0      0      0      0      0      0      0      0      0      0      0      0     
0x7f362f77d760           FFMA R7, R6, R3, 1                                     0      0      0      0      0       0       0      0      32     0      -      -      -      0       0      0      0       0      0      -      0      0      0      0      0      0      0      0      0      0      0      0      0      0      0      0      0      0      0      0      0      0      0      0      0      0      0      0      0      0      0      0      0      0      0      0      0      0      0      0     
0x7f362f77d770           FFMA R6, R6, R7, R6                                    0      0      0      0      0       0       0      0      32     0      -      -      -      0       0      0      0       0      0      -      0      0      0      0      0      0      0      0      0      0      0      0      0      0      0      0      0      0      0      0      0      0      0      0      0      0      0      0      0      0      0      0      0      0      0      0      0      0      0      0     
0x7f362f77d780           FFMA R7, R2, R6, RZ                                    0      0      0      0      0       0       0      0      32     0      -      -      -      0       0      0      0       0      0      -      0      0      0      0      0      0      0      0      0      0      0      0      0      0      0      0      0      0      0      0      0      0      0      0      0      0      0      0      0      0      0      0      0      0      0      0      0      0      0      0     
0x7f362f77d790           FFMA R8, R3, R7, R2                                    0      0      0      0      0       0       0      0      32     0      -      -      -      0       0      0      0       0      0      -      0      0      0      0      0      0      0      0      0      0      0      0      0      0      0      0      0      0      0      0      0      0      0      0      0      0      0      0      0      0      0      0      0      0      0      0      0      0      0      0     
0x7f362f77d7a0           FFMA R7, R6, R8, R7                                    0      0      0      0      0       0       0      0      32     0      -      -      -      0       0      0      0       0      0      -      0      0      0      0      0      0      0      0      0      0      0      0      0      0      0      0      0      0      0      0      0      0      0      0      0      0      0      0      0      0      0      0      0      0      0      0      0      0      0      0     
0x7f362f77d7b0           FFMA R8, R3, R7, R2                                    0      0      0      0      0       0       0      0      32     0      -      -      -      0       0      0      0       0      0      -      0      0      0      0      0      0      0      0      0      0      0      0      0      0      0      0      0      0      0      0      0      0      0      0      0      0      0      0      0      0      0      0      0      0      0      0      0      0      0      0     
0x7f362f77d7c0           IADD3 R3, PT, PT, R10, 0x7f, -R11                      0      0      0      0      0       0       0      0      32     0      -      -      -      0       0      0      0       0      0      -      0      0      0      0      0      0      0      0      0      0      0      0      0      0      0      0      0      0      0      0      0      0      0      0      0      0      0      0      0      0      0      0      0      0      0      0      0      0      0      0     
0x7f362f77d7d0           FFMA R2, R6, R8, R7                                    0      0      0      0      0       0       0      0      32     0      -      -      -      0       0      0      0       0      0      -      0      0      0      0      0      0      0      0      0      0      0      0      0      0      0      0      0      0      0      0      0      0      0      0      0      0      0      0      0      0      0      0      0      0      0      0      0      0      0      0     
0x7f362f77d7e0           IADD3 R9, PT, PT, R3, R9, RZ                           0      0      0      0      0       0       0      0      32     0      -      -      -      0       0      0      0       0      0      -      0      0      0      0      0      0      0      0      0      0      0      0      0      0      0      0      0      0      0      0      0      0      0      0      0      0      0      0      0      0      0      0      0      0      0      0      0      0      0      0     
0x7f362f77d7f0           SHF.R.U32.HI R10, RZ, 0x17, R2                         0      0      0      0      0       0       0      0      32     0      -      -      -      0       0      0      0       0      0      -      0      0      0      0      0      0      0      0      0      0      0      0      0      0      0      0      0      0      0      0      0      0      0      0      0      0      0      0      0      0      0      0      0      0      0      0      0      0      0      0     
0x7f362f77d800           LOP3.LUT R3, R10, 0xff, RZ, 0xc0, !PT                  0      0      0      0      0       0       0      0      32     0      -      -      -      0       0      0      0       0      0      -      0      0      0      0      0      0      0      0      0      0      0      0      0      0      0      0      0      0      0      0      0      0      0      0      0      0      0      0      0      0      0      0      0      0      0      0      0      0      0      0     
0x7f362f77d810           IADD3 R3, PT, PT, R3, R9, RZ                           0      0      0      0      0       0       0      0      32     0      -      -      -      0       0      0      0       0      0      -      0      0      0      0      0      0      0      0      0      0      0      0      0      0      0      0      0      0      0      0      0      0      0      0      0      0      0      0      0      0      0      0      0      0      0      0      0      0      0      0     
0x7f362f77d820           IADD3 R10, PT, PT, R3, -0x1, RZ                        0      0      0      0      0       0       0      0      32     0      -      -      -      0       0      0      0       0      0      -      0      0      0      0      0      0      0      0      0      0      0      0      0      0      0      0      0      0      0      0      0      0      0      0      0      0      0      0      0      0      0      0      0      0      0      0      0      0      0      0     
0x7f362f77d830           ISETP.GE.U32.AND P0, PT, R10, 0xfe, PT                 0      0      0      0      0       0       0      0      32     0      -      -      -      0       0      0      0       0      0      -      0      0      0      0      0      0      0      0      0      0      0      0      0      0      0      0      0      0      0      0      0      0      0      0      0      0      0      0      0      0      0      0      0      0      0      0      0      0      0      0     
0x7f362f77d840     @!P0  BRA 0x7f362f77da50                                     0      0      0      0      0       0       0      0      32     0      -      -      -      0       0      0      0       0      0      -      0      0      0      0      0      0      0      0      0      0      0      0      0      0      0      0      0      0      0      0      0      0      0      0      0      0      0      0      0      0      0      0      0      0      0      0      0      0      0      0     
0x7f362f77d850           ISETP.GT.AND P0, PT, R3, 0xfe, PT                      0      0      0      0      0       0       0      0      32     0      -      -      -      0       0      0      0       0      0      -      0      0      0      0      0      0      0      0      0      0      0      0      0      0      0      0      0      0      0      0      0      0      0      0      0      0      0      0      0      0      0      0      0      0      0      0      0      0      0      0     
0x7f362f77d860     @P0   BRA 0x7f362f77da20                                     0      0      0      0      0       0       0      0      32     0      -      -      -      0       0      0      0       0      0      -      0      0      0      0      0      0      0      0      0      0      0      0      0      0      0      0      0      0      0      0      0      0      0      0      0      0      0      0      0      0      0      0      0      0      0      0      0      0      0      0     
0x7f362f77d870           ISETP.GE.AND P0, PT, R3, 0x1, PT                       0      0      0      0      0       0       0      0      32     0      -      -      -      0       0      0      0       0      0      -      0      0      0      0      0      0      0      0      0      0      0      0      0      0      0      0      0      0      0      0      0      0      0      0      0      0      0      0      0      0      0      0      0      0      0      0      0      0      0      0     
0x7f362f77d880     @P0   BRA 0x7f362f77da60                                     0      0      0      0      0       0       0      0      32     0      -      -      -      0       0      0      0       0      0      -      0      0      0      0      0      0      0      0      0      0      0      0      0      0      0      0      0      0      0      0      0      0      0      0      0      0      0      0      0      0      0      0      0      0      0      0      0      0      0      0     
0x7f362f77d890           ISETP.GE.AND P0, PT, R3, -0x18, PT                     0      0      0      0      0       0       0      0      32     0      -      -      -      0       0      0      0       0      0      -      0      0      0      0      0      0      0      0      0      0      0      0      0      0      0      0      0      0      0      0      0      0      0      0      0      0      0      0      0      0      0      0      0      0      0      0      0      0      0      0     
0x7f362f77d8a0           LOP3.LUT R2, R2, 0x80000000, RZ, 0xc0, !PT             0      0      0      0      0       0       0      0      32     0      -      -      -      0       0      0      0       0      0      -      0      0      0      0      0      0      0      0      0      0      0      0      0      0      0      0      0      0      0      0      0      0      0      0      0      0      0      0      0      0      0      0      0      0      0      0      0      0      0      0     
0x7f362f77d8b0     @!P0  BRA 0x7f362f77da60                                     0      0      0      0      0       0       0      0      32     0      -      -      -      0       0      0      0       0      0      -      0      0      0      0      0      0      0      0      0      0      0      0      0      0      0      0      0      0      0      0      0      0      0      0      0      0      0      0      0      0      0      0      0      0      0      0      0      0      0      0     
0x7f362f77d8c0           FFMA.RZ R9, R6, R8, R7                                 0      0      0      0      0       0       0      0      32     0      -      -      -      0       0      0      0       0      0      -      0      0      0      0      0      0      0      0      0      0      0      0      0      0      0      0      0      0      0      0      0      0      0      0      0      0      0      0      0      0      0      0      0      0      0      0      0      0      0      0     
0x7f362f77d8d0           IADD3 R10, PT, PT, R3, 0x20, RZ                        0      0      0      0      0       0       0      0      32     0      -      -      -      0       0      0      0       0      0      -      0      0      0      0      0      0      0      0      0      0      0      0      0      0      0      0      0      0      0      0      0      0      0      0      0      0      0      0      0      0      0      0      0      0      0      0      0      0      0      0     
0x7f362f77d8e0           FFMA.RP R11, R6, R8, R7                                0      0      0      0      0       0       0      0      32     0      -      -      -      0       0      0      0       0      0      -      0      0      0      0      0      0      0      0      0      0      0      0      0      0      0      0      0      0      0      0      0      0      0      0      0      0      0      0      0      0      0      0      0      0      0      0      0      0      0      0     
0x7f362f77d8f0           FFMA.RM R7, R6, R8, R7                                 0      0      0      0      0       0       0      0      32     0      -      -      -      0       0      0      0       0      0      -      0      0      0      0      0      0      0      0      0      0      0      0      0      0      0      0      0      0      0      0      0      0      0      0      0      0      0      0      0      0      0      0      0      0      0      0      0      0      0      0     
0x7f362f77d900           ISETP.NE.AND P1, PT, R3, RZ, PT                        0      0      0      0      0       0       0      0      32     0      -      -      -      0       0      0      0       0      0      -      0      0      0      0      0      0      0      0      0      0      0      0      0      0      0      0      0      0      0      0      0      0      0      0      0      0      0      0      0      0      0      0      0      0      0      0      0      0      0      0     
0x7f362f77d910           LOP3.LUT R9, R9, 0x7fffff, RZ, 0xc0, !PT               0      0      0      0      0       0       0      0      32     0      -      -      -      0       0      0      0       0      0      -      0      0      0      0      0      0      0      0      0      0      0      0      0      0      0      0      0      0      0      0      0      0      0      0      0      0      0      0      0      0      0      0      0      0      0      0      0      0      0      0     
0x7f362f77d920           ISETP.NE.AND P0, PT, R3, RZ, PT                        0      0      0      0      0       0       0      0      32     0      -      -      -      0       0      0      0       0      0      -      0      0      0      0      0      0      0      0      0      0      0      0      0      0      0      0      0      0      0      0      0      0      0      0      0      0      0      0      0      0      0      0      0      0      0      0      0      0      0      0     
0x7f362f77d930           IADD3 R3, PT, PT, -R3, RZ, RZ                          0      0      0      0      0       0       0      0      32     0      -      -      -      0       0      0      0       0      0      -      0      0      0      0      0      0      0      0      0      0      0      0      0      0      0      0      0      0      0      0      0      0      0      0      0      0      0      0      0      0      0      0      0      0      0      0      0      0      0      0     
0x7f362f77d940           LOP3.LUT R9, R9, 0x800000, RZ, 0xfc, !PT               0      0      0      0      0       0       0      0      32     0      -      -      -      0       0      0      0       0      0      -      0      0      0      0      0      0      0      0      0      0      0      0      0      0      0      0      0      0      0      0      0      0      0      0      0      0      0      0      0      0      0      0      0      0      0      0      0      0      0      0     
0x7f362f77d950           FSETP.NEU.FTZ.AND P2, PT, R11, R7, PT                  0      0      0      0      0       0       0      0      32     0      -      -      -      0       0      0      0       0      0      -      0      0      0      0      0      0      0      0      0      0      0      0      0      0      0      0      0      0      0      0      0      0      0      0      0      0      0      0      0      0      0      0      0      0      0      0      0      0      0      0     
0x7f362f77d960           SHF.L.U32 R6, R9, R10, RZ                              0      0      0      0      0       0       0      0      32     0      -      -      -      0       0      0      0       0      0      -      0      0      0      0      0      0      0      0      0      0      0      0      0      0      0      0      0      0      0      0      0      0      0      0      0      0      0      0      0      0      0      0      0      0      0      0      0      0      0      0     
0x7f362f77d970           SEL R3, R3, RZ, P0                                     0      0      0      0      0       0       0      0      32     0      -      -      -      0       0      0      0       0      0      -      0      0      0      0      0      0      0      0      0      0      0      0      0      0      0      0      0      0      0      0      0      0      0      0      0      0      0      0      0      0      0      0      0      0      0      0      0      0      0      0     
0x7f362f77d980           ISETP.NE.AND P1, PT, R6, RZ, P1                        0      0      0      0      0       0       0      0      32     0      -      -      -      0       0      0      0       0      0      -      0      0      0      0      0      0      0      0      0      0      0      0      0      0      0      0      0      0      0      0      0      0      0      0      0      0      0      0      0      0      0      0      0      0      0      0      0      0      0      0     
0x7f362f77d990           SHF.R.U32.HI R6, RZ, R3, R9                            0      0      0      0      0       0       0      0      32     0      -      -      -      0       0      0      0       0      0      -      0      0      0      0      0      0      0      0      0      0      0      0      0      0      0      0      0      0      0      0      0      0      0      0      0      0      0      0      0      0      0      0      0      0      0      0      0      0      0      0     
0x7f362f77d9a0           PLOP3.LUT P1, PT, P2, P1, PT, 0xf8, 0x8f               0      0      0      0      0       0       0      0      32     0      -      -      -      0       0      0      0       0      0      -      0      0      0      0      0      0      0      0      0      0      0      0      0      0      0      0      0      0      0      0      0      0      0      0      0      0      0      0      0      0      0      0      0      0      0      0      0      0      0      0     
0x7f362f77d9b0           SHF.R.U32.HI R3, RZ, 0x1, R6                           0      0      0      0      0       0       0      0      32     0      -      -      -      0       0      0      0       0      0      -      0      0      0      0      0      0      0      0      0      0      0      0      0      0      0      0      0      0      0      0      0      0      0      0      0      0      0      0      0      0      0      0      0      0      0      0      0      0      0      0     
0x7f362f77d9c0           SEL R7, RZ, 0x1, !P1                                   0      0      0      0      0       0       0      0      32     0      -      -      -      0       0      0      0       0      0      -      0      0      0      0      0      0      0      0      0      0      0      0      0      0      0      0      0      0      0      0      0      0      0      0      0      0      0      0      0      0      0      0      0      0      0      0      0      0      0      0     
0x7f362f77d9d0           LOP3.LUT R7, R7, 0x1, R3, 0xf8, !PT                    0      0      0      0      0       0       0      0      32     0      -      -      -      0       0      0      0       0      0      -      0      0      0      0      0      0      0      0      0      0      0      0      0      0      0      0      0      0      0      0      0      0      0      0      0      0      0      0      0      0      0      0      0      0      0      0      0      0      0      0     
0x7f362f77d9e0           LOP3.LUT R6, R7, R6, RZ, 0xc0, !PT                     0      0      0      0      0       0       0      0      32     0      -      -      -      0       0      0      0       0      0      -      0      0      0      0      0      0      0      0      0      0      0      0      0      0      0      0      0      0      0      0      0      0      0      0      0      0      0      0      0      0      0      0      0      0      0      0      0      0      0      0     
0x7f362f77d9f0           IADD3 R3, PT, PT, R3, R6, RZ                           0      0      0      0      0       0       0      0      32     0      -      -      -      0       0      0      0       0      0      -      0      0      0      0      0      0      0      0      0      0      0      0      0      0      0      0      0      0      0      0      0      0      0      0      0      0      0      0      0      0      0      0      0      0      0      0      0      0      0      0     
0x7f362f77da00           LOP3.LUT R2, R3, R2, RZ, 0xfc, !PT                     0      0      0      0      0       0       0      0      32     0      -      -      -      0       0      0      0       0      0      -      0      0      0      0      0      0      0      0      0      0      0      0      0      0      0      0      0      0      0      0      0      0      0      0      0      0      0      0      0      0      0      0      0      0      0      0      0      0      0      0     
0x7f362f77da10           BRA 0x7f362f77da60                                     0      0      0      0      0       0       0      0      32     0      -      -      -      0       0      0      0       0      0      -      0      0      0      0      0      0      0      0      0      0      0      0      0      0      0      0      0      0      0      0      0      0      0      0      0      0      0      0      0      0      0      0      0      0      0      0      0      0      0      0     
0x7f362f77da20           LOP3.LUT R2, R2, 0x80000000, RZ, 0xc0, !PT             0      0      0      0      0       0       0      0      32     0      -      -      -      0       0      0      0       0      0      -      0      0      0      0      0      0      0      0      0      0      0      0      0      0      0      0      0      0      0      0      0      0      0      0      0      0      0      0      0      0      0      0      0      0      0      0      0      0      0      0     
0x7f362f77da30           LOP3.LUT R2, R2, 0x7f800000, RZ, 0xfc, !PT             0      0      0      0      0       0       0      0      32     0      -      -      -      0       0      0      0       0      0      -      0      0      0      0      0      0      0      0      0      0      0      0      0      0      0      0      0      0      0      0      0      0      0      0      0      0      0      0      0      0      0      0      0      0      0      0      0      0      0      0     
0x7f362f77da40           BRA 0x7f362f77da60                                     0      0      0      0      0       0       0      0      32     0      -      -      -      0       0      0      0       0      0      -      0      0      0      0      0      0      0      0      0      0      0      0      0      0      0      0      0      0      0      0      0      0      0      0      0      0      0      0      0      0      0      0      0      0      0      0      0      0      0      0     
0x7f362f77da50           LEA R2, R9, R2, 0x17                                   0      0      0      0      0       0       0      0      32     0      -      -      -      0       0      0      0       0      0      -      0      0      0      0      0      0      0      0      0      0      0      0      0      0      0      0      0      0      0      0      0      0      0      0      0      0      0      0      0      0      0      0      0      0      0      0      0      0      0      0     
0x7f362f77da60           BSYNC.RECONVERGENT B0                                  0      0      0      0      0       0       0      0      32     0      -      -      -      0       0      0      0       0      0      -      0      0      0      0      0      0      0      0      0      0      0      0      0      0      0      0      0      0      0      0      0      0      0      0      0      0      0      0      0      0      0      0      0      0      0      0      0      0      0      0     
0x7f362f77da70           MOV R3, R2                                             0      0      0      0      0       0       0      0      32     0      -      -      -      0       0      0      0       0      0      -      0      0      0      0      0      0      0      0      0      0      0      0      0      0      0      0      0      0      0      0      0      0      0      0      0      0      0      0      0      0      0      0      0      0      0      0      0      0      0      0     
0x7f362f77da80           BRA 0x7f362f77db10                                     0      0      0      0      0       0       0      0      32     0      -      -      -      0       0      0      0       0      0      -      0      0      0      0      0      0      0      0      0      0      0      0      0      0      0      0      0      0      0      0      0      0      0      0      0      0      0      0      0      0      0      0      0      0      0      0      0      0      0      0     
0x7f362f77da90           LOP3.LUT R3, R3, 0x80000000, R2, 0x48, !PT             0      0      0      0      0       0       0      0      32     0      -      -      -      0       0      0      0       0      0      -      0      0      0      0      0      0      0      0      0      0      0      0      0      0      0      0      0      0      0      0      0      0      0      0      0      0      0      0      0      0      0      0      0      0      0      0      0      0      0      0     
0x7f362f77daa0           LOP3.LUT R3, R3, 0x7f800000, RZ, 0xfc, !PT             0      0      0      0      0       0       0      0      32     0      -      -      -      0       0      0      0       0      0      -      0      0      0      0      0      0      0      0      0      0      0      0      0      0      0      0      0      0      0      0      0      0      0      0      0      0      0      0      0      0      0      0      0      0      0      0      0      0      0      0     
0x7f362f77dab0           BRA 0x7f362f77db10                                     0      0      0      0      0       0       0      0      32     0      -      -      -      0       0      0      0       0      0      -      0      0      0      0      0      0      0      0      0      0      0      0      0      0      0      0      0      0      0      0      0      0      0      0      0      0      0      0      0      0      0      0      0      0      0      0      0      0      0      0     
0x7f362f77dac0           LOP3.LUT R3, R3, 0x80000000, R2, 0x48, !PT             0      0      0      0      0       0       0      0      32     0      -      -      -      0       0      0      0       0      0      -      0      0      0      0      0      0      0      0      0      0      0      0      0      0      0      0      0      0      0      0      0      0      0      0      0      0      0      0      0      0      0      0      0      0      0      0      0      0      0      0     
0x7f362f77dad0           BRA 0x7f362f77db10                                     0      0      0      0      0       0       0      0      32     0      -      -      -      0       0      0      0       0      0      -      0      0      0      0      0      0      0      0      0      0      0      0      0      0      0      0      0      0      0      0      0      0      0      0      0      0      0      0      0      0      0      0      0      0      0      0      0      0      0      0     
0x7f362f77dae0           MUFU.RSQ R3, -QNAN                                     0      0      0      0      0       0       0      0      32     0      -      -      -      0       0      0      0       0      0      -      0      0      0      0      0      0      0      0      0      0      0      0      0      0      0      0      0      0      0      0      0      0      0      0      0      0      0      0      0      0      0      0      0      0      0      0      0      0      0      0     
0x7f362f77daf0           BRA 0x7f362f77db10                                     0      0      0      0      0       0       0      0      32     0      -      -      -      0       0      0      0       0      0      -      0      0      0      0      0      0      0      0      0      0      0      0      0      0      0      0      0      0      0      0      0      0      0      0      0      0      0      0      0      0      0      0      0      0      0      0      0      0      0      0     
0x7f362f77db00           FADD.FTZ R3, R2, R4                                    0      0      0      0      0       0       0      0      32     0      -      -      -      0       0      0      0       0      0      -      0      0      0      0      0      0      0      0      0      0      0      0      0      0      0      0      0      0      0      0      0      0      0      0      0      0      0      0      0      0      0      0      0      0      0      0      0      0      0      0     
0x7f362f77db10           BSYNC.RECONVERGENT B1                                  0      0      0      0      0       0       0      0      32     0      -      -      -      0       0      0      0       0      0      -      0      0      0      0      0      0      0      0      0      0      0      0      0      0      0      0      0      0      0      0      0      0      0      0      0      0      0      0      0      0      0      0      0      0      0      0      0      0      0      0     
0x7f362f77db20           MOV R6, R12                                            0      0      0      0      0       0       0      0      32     0      -      -      -      0       0      0      0       0      0      -      0      0      0      0      0      0      0      0      0      0      0      0      0      0      0      0      0      0      0      0      0      0      0      0      0      0      0      0      0      0      0      0      0      0      0      0      0      0      0      0     
0x7f362f77db30           HFMA2 R7, -RZ, RZ, 0, 0                                0      0      0      0      0       0       0      0      32     0      -      -      -      0       0      0      0       0      0      -      0      0      0      0      0      0      0      0      0      0      0      0      0      0      0      0      0      0      0      0      0      0      0      0      0      0      0      0      0      0      0      0      0      0      0      0      0      0      0      0     
0x7f362f77db40           RET.REL.NODEC R6, 0x7f362f779800                       0      0      0      0      0       0       0      0      32     0      -      -      -      0       0      0      0       0      0      -      0      0      0      0      0      0      0      0      0      0      0      0      0      0      0      0      0      0      0      0      0      0      0      0      0      0      0      0      0      0      0      0      0      0      0      0      0      0      0      0     
0x7f362f77db50           BRA 0x7f362f77db50                                     0      0      0      0      0       0       0      0      0      0      -      -      -      0       0      0      0       0      0      -      0      0      0      0      0      0      0      0      0      0      0      0      0      0      0      0      0      0      0      0      0      0      0      0      0      0      0      0      0      0      0      0      0      0      0      0      0      0      0      0     
0x7f362f77db60           NOP                                                    0      0      0      0      0       0       0      0      32     0      -      -      -      0       0      0      0       0      0      -      0      0      0      0      0      0      0      0      0      0      0      0      0      0      0      0      0      0      0      0      0      0      0      0      0      0      0      0      0      0      0      0      0      0      0      0      0      0      0      0     
0x7f362f77db70           NOP                                                    0      0      0      0      0       0       0      0      32     0      -      -      -      0       0      0      0       0      0      -      0      0      0      0      0      0      0      0      0      0      0      0      0      0      0      0      0      0      0      0      0      0      0      0      0      0      0      0      0      0      0      0      0      0      0      0      0      0      0      0     
0x7f362f77db80           NOP                                                    0      0      0      0      0       0       0      0      32     0      -      -      -      0       0      0      0       0      0      -      0      0      0      0      0      0      0      0      0      0      0      0      0      0      0      0      0      0      0      0      0      0      0      0      0      0      0      0      0      0      0      0      0      0      0      0      0      0      0      0     
0x7f362f77db90           NOP                                                    0      0      0      0      0       0       0      0      32     0      -      -      -      0       0      0      0       0      0      -      0      0      0      0      0      0      0      0      0      0      0      0      0      0      0      0      0      0      0      0      0      0      0      0      0      0      0      0      0      0      0      0      0      0      0      0      0      0      0      0     
0x7f362f77dba0           NOP                                                    0      0      0      0      0       0       0      0      32     0      -      -      -      0       0      0      0       0      0      -      0      0      0      0      0      0      0      0      0      0      0      0      0      0      0      0      0      0      0      0      0      0      0      0      0      0      0      0      0      0      0      0      0      0      0      0      0      0      0      0     
0x7f362f77dbb0           NOP                                                    0      0      0      0      0       0       0      0      32     0      -      -      -      0       0      0      0       0      0      -      0      0      0      0      0      0      0      0      0      0      0      0      0      0      0      0      0      0      0      0      0      0      0      0      0      0      0      0      0      0      0      0      0      0      0      0      0      0      0      0     
0x7f362f77dbc0           NOP                                                    0      0      0      0      0       0       0      0      32     0      -      -      -      0       0      0      0       0      0      -      0      0      0      0      0      0      0      0      0      0      0      0      0      0      0      0      0      0      0      0      0      0      0      0      0      0      0      0      0      0      0      0      0      0      0      0      0      0      0      0     
0x7f362f77dbd0           NOP                                                    0      0      0      0      0       0       0      0      32     0      -      -      -      0       0      0      0       0      0      -      0      0      0      0      0      0      0      0      0      0      0      0      0      0      0      0      0      0      0      0      0      0      0      0      0      0      0      0      0      0      0      0      0      0      0      0      0      0      0      0     
0x7f362f77dbe0           NOP                                                    0      0      0      0      0       0       0      0      32     0      -      -      -      0       0      0      0       0      0      -      0      0      0      0      0      0      0      0      0      0      0      0      0      0      0      0      0      0      0      0      0      0      0      0      0      0      0      0      0      0      0      0      0      0      0      0      0      0      0      0     
0x7f362f77dbf0           NOP                                                    0      0      0      0      0       0       0      0      32     0      -      -      -      0       0      0      0       0      0      -      0      0      0      0      0      0      0      0      0      0      0      0      0      0      0      0      0      0      0      0      0      0      0      0      0      0      0      0      0      0      0      0      0      0      0      0      0      0      0      0     
